requested_principal,term_days,income_to_principal_ratio,credit_utilization_ratio,months_since_last_delinquency,purpose_encoding,applicant_age_years,monthly_income,employment_encoding,default
58385.7695688633,900,1.745065369443743,0.2159676927154211,47,5,43.9605698361348,8301.28925111353,0.0,0
33757.565321775844,2130,1.4629151843414254,0.6562984235550124,89,3,36.34082838594578,3686.723895757936,4.0,1
64606.94711348661,240,1.043825696632459,0.7591929050997851,10,0,45.77226245720831,5415.959964261488,0.0,1
52756.55013586325,1200,1.6448100007923596,0.1649697815981896,108,5,56.2763582768963,6556.099519815639,1.0,1
8422.03506974224,2040,0.8513770748124864,0.0434197005837368,61,5,35.19015950331997,641.7302470297109,3.0,1
73208.24284530156,2400,1.6793014013385397,0.4351915015483253,71,1,35.19035651660983,11345.655787964908,0.0,0
57443.76809629094,750,1.4579822666916162,0.7662838451325127,22,2,56.9505537860887,6262.945964328746,2.0,1
59275.72643785611,1680,0.8829003820756819,0.6442720372184012,63,0,47.20921674983491,4837.578556275116,0.0,1
10916.352001652622,600,0.8454066757108443,0.6948629032104454,0,4,32.366307368780575,773.2301503024373,3.0,0
34603.366435324184,450,1.651003600123755,0.3988109465934347,106,4,44.51072052303158,4531.839491024637,4.0,1
28753.65478109472,990,1.1015230878046045,0.2325960898005391,89,0,32.43898768625046,2371.361835876944,4.0,0
69617.22668037223,2250,1.817162220920656,0.5264610548517633,54,4,32.411242957156915,10543.728991298278,3.0,1
48824.086325928845,1770,1.664487625236211,0.2023220368117049,100,2,40.90354725879241,7250.945702416732,1.0,0
61972.978575406,1320,1.587828293661259,0.7189664100152151,97,3,18.0,8607.760398337337,1.0,1
34090.943613808835,840,1.084327263160141,0.1949967913998822,14,1,18.0,2747.953736274983,4.0,0
18202.0460511811,510,1.600733422825941,0.288350634047198,6,4,31.252549649108328,2179.1679882750964,4.0,0
42261.98184566386,810,1.8877772214178008,0.5014793305397753,30,2,25.846026555986917,6493.456154141125,3.0,0
6190.568323656887,510,0.8598718012446827,0.4818428348020599,0,5,41.77096799114329,421.79749776071145,1.0,0
62330.891141454784,600,1.1413951704042793,0.5948408826429591,68,0,27.103711093745467,5547.895561912387,4.0,0
47927.33333547177,1770,1.0316067185539128,0.4330701544949177,63,3,21.052355583976503,3903.627714586949,1.0,0
57219.448896274975,480,1.2219001612808,0.9102785754249904,64,1,55.587785227058646,6250.739897123648,4.0,1
27557.65865754533,270,1.6407991858247355,0.8315347532552163,8,5,35.29068439416157,4156.213183265188,0.0,0
72846.3047930254,1440,1.319091097710464,0.8703223167242721,110,3,38.81033845625509,7825.200639923309,2.0,0
67144.40241718153,840,1.4348767273442955,0.6232214056894031,117,4,20.90302176543852,8811.188383691386,0.0,0
58711.187034921495,1230,1.1269858656940108,0.6286578367021983,70,0,31.467407305697808,5277.66909992098,4.0,0
15805.945027119616,480,0.9195471205045208,0.6031066968787892,0,4,39.33107107651839,1204.3431595620457,2.0,0
35803.993773937014,660,1.0703203787252742,0.4305353128772416,47,0,24.18807707093237,2983.497748186396,2.0,0
4719.576785361315,1200,1.7816163614903844,0.31888494105659,86,2,42.50837622014807,724.3300547355865,4.0,0
12840.277666964765,1770,1.4729003545840924,0.5860828585743816,89,1,30.79233572097434,1757.2115840374329,4.0,1
51704.098063320416,1140,1.2035864078366805,0.0252765187670658,29,0,34.49967500248068,5314.670702619276,1.0,1
56240.01845922456,1440,1.6978871780827052,0.007381867109565,98,3,30.77952065324724,7685.88944816596,4.0,0
72611.96533391444,1380,0.8273489189458905,0.8431254080337811,116,1,60.22733821410725,5183.889854070266,3.0,0
25448.16382315417,780,1.0546693055068628,0.0459598043298459,61,3,37.83803330314479,2034.2048045882595,4.0,0
28728.788393562863,810,1.0261237848688072,0.5195471988300838,45,4,25.3074688525292,2685.755655473621,3.0,0
36012.35212877188,1170,1.9324374746018664,0.6088378853201486,63,1,47.870538945238266,5803.593909391259,4.0,0
15426.144892694998,240,1.5973182988713122,0.1961895173262112,3,4,23.349876200347733,2028.4110431760291,1.0,0
11049.230642157168,1770,1.4913431236662649,0.8867735298824968,62,1,40.50636314005706,1401.4807780771544,3.0,0
36464.31207760613,1590,0.7559819583533675,0.1881948140308912,3,1,18.0,2365.9935806738304,0.0,1
18177.837155239984,870,0.9711720025078288,0.8756698374930079,4,3,22.061767413218835,1319.9548014028103,3.0,1
50731.32860916451,1050,1.512649551567694,0.7553603666397048,66,3,40.36233483042948,6675.169697429564,1.0,1
33630.66603711631,930,1.2056631917779987,0.238335523988952,61,3,46.86159895994493,3169.6587677146017,3.0,1
62701.84741025105,1680,1.859136460414873,0.1492367246133326,118,1,40.05641937427965,10213.088911523815,4.0,1
52969.48499716531,1950,1.6676690629701094,0.3130703830843727,60,3,36.61222061134112,7931.123524841307,4.0,1
24458.94814158002,420,1.286860887364944,0.3939710606075719,117,1,34.386755652928535,2814.282126096387,1.0,0
62671.09540254728,1140,1.6494179730459244,0.2433268297339342,96,1,20.257736115590877,8722.777301693068,2.0,0
60650.18027601494,210,1.9204851885914656,0.988902633266879,40,5,29.3618694992635,9753.46795817941,4.0,1
29979.660858717823,1230,1.3031769896417646,0.2273558128771852,111,0,32.47233474848255,2976.685499614449,0.0,0
22692.115638872943,750,1.52103106546624,0.8223284787130284,57,2,50.68546671462699,3066.3581233577947,1.0,0
51663.4195421607,960,1.8523975380735545,0.157526569619568,71,2,42.12341947482154,7537.571372406715,3.0,0
11771.807545284271,1230,1.048409594443408,0.970442179023188,12,1,18.0,1027.657317451844,3.0,1
16193.252881920462,930,1.8138694963995337,0.2232682237002539,25,4,41.88900763273754,2320.975996784815,0.0,1
2041.126826698905,1080,0.8670536481275792,0.4174716692357563,62,2,33.3790126350042,134.5197728029252,4.0,0
59338.94174640717,1950,1.528137804705176,0.5529784261002274,32,4,29.87693599632849,7791.467545674764,1.0,0
50366.53795951436,2070,1.6894057860669411,0.1190828580045323,71,2,45.34011546609042,6332.359917200965,0.0,0
53329.65532903563,180,1.4875274631029112,0.8086518668043102,9,5,50.371994269951415,7005.274422847345,4.0,0
58883.58378011464,1050,1.3446417649830518,0.2719386773540215,30,4,49.17536142939439,6309.25070623623,1.0,0
35230.30950206799,2160,1.4908165199108232,0.5437772025856471,79,1,27.929389721328334,3851.7494965893857,3.0,0
43302.47790253769,1410,0.9319964505353336,0.5441374725863144,73,5,34.28945148978543,3372.129250363248,1.0,0
11775.079362382823,660,1.008684852396262,0.5966142458025272,118,5,41.97516117684277,882.1347653667909,2.0,1
9917.960404894047,1560,1.0738792127476104,0.0549311266590715,107,3,49.70654152546831,839.878646161062,1.0,0
50627.61769159967,510,1.4673352087560456,0.1669325742132522,97,0,32.24990914585652,6498.156583943969,2.0,0
36125.57115152024,210,1.2802812884940846,0.1595803204941305,0,3,35.772092280034194,3449.721156669414,1.0,0
43044.853826367376,1650,1.0433710109830074,0.2990307468216933,72,4,24.72398031192766,4047.451783232477,2.0,0
57727.41602007788,1380,1.809371198573496,0.1434650152897564,27,2,23.64552051103195,7667.670263598974,3.0,0
48151.79652004343,1950,1.198706208351868,0.9127021075665468,32,0,47.750309868730376,4517.722315826278,4.0,1
42188.08594836269,960,1.2852380630758695,0.5078249060061877,25,3,54.27488034284988,4779.722534842869,2.0,0
42601.7263147879,2160,1.2416412918587936,0.6173393962256576,54,4,37.13587854103599,4213.633495226345,2.0,1
23840.332207602,1140,0.9683315463321032,0.3539132936441396,14,1,50.04239477470429,1739.9697752809293,3.0,0
3765.1108407435454,1890,1.62795241851628,0.2734836796235724,63,2,42.33963230057161,493.6514043640688,2.0,0
33598.72810857864,390,1.2881499147226294,0.4981453985298908,19,0,30.258562944738507,3407.934745005477,0.0,0
17271.973452235397,390,0.7695085318712621,0.2913797450864853,60,4,42.33674726610096,1198.6767822482173,3.0,0
31526.85531376076,2010,1.9068164428317564,0.3402094664724666,75,5,56.45643879759163,4785.245252719399,0.0,0
64225.12588521021,2130,1.7289163339144964,0.4482233655281485,21,4,37.57008753068058,9894.982909973362,3.0,1
18694.552211102546,2370,1.6182712249101638,0.500676350312512,12,2,56.77572386976807,2758.176356093176,2.0,0
5785.251514146353,930,1.7929102446222347,0.9744708716640204,96,0,18.0,850.6402330875717,0.0,0
22181.716063616743,210,1.8381687043266604,0.2210893622803211,88,2,47.86283005250269,3732.1096290834366,2.0,0
23079.141195851247,2460,1.1549876476613263,0.4830964032338207,31,5,39.044564818858056,2155.93908245165,3.0,0
50150.86383242679,1560,1.4831504141000385,0.1480166220944455,106,0,34.41191179440959,6888.81441974146,2.0,0
42441.86319708396,750,1.480569371046713,0.3464992403808929,26,1,39.101129318426025,4720.344719941017,0.0,1
59116.51836932139,1950,1.0707596025727164,0.7101376115193402,111,5,18.0,5511.72979558193,0.0,1
50327.045214062986,2280,1.0163427017364806,0.1727175223229688,13,3,35.36393734594986,4256.132247414176,2.0,1
31369.434315845185,840,0.8866887057828265,0.5755377944745427,79,1,42.28535085814096,2255.4094627928607,1.0,0
61330.49827295355,1980,1.5411770350997434,0.4125340133323271,2,0,55.73472853689819,8127.644559988378,3.0,1
13772.509613216238,2010,1.6871027892369357,0.0510637489604282,23,2,31.78075738071623,2031.0382792761368,3.0,0
3169.337375338745,1350,1.6631435754204045,0.92374448906366,48,3,28.29807676528175,387.0046082956594,2.0,1
8118.517767009669,1650,1.1295304526219692,0.4094671088899575,10,5,31.978915476985563,703.094530803053,1.0,1
54593.4122688391,810,0.9963118205582426,0.7760872703936545,54,5,48.98482541242489,4764.432110434169,0.0,1
35447.976423476975,2340,1.294337014145546,0.4121503538444823,27,2,41.94501331591621,3976.149669668936,4.0,0
13353.475758969733,2460,1.4061761522886127,0.9279867183629968,11,2,31.642877554795533,1739.8009049276957,4.0,1
38326.79097009722,2460,1.8529045535622668,0.2875656310846085,115,5,44.15920919736027,6288.747055861556,2.0,0
12694.93954941788,1890,1.7997877851288648,0.4081083431908199,117,4,39.16493059217648,2110.003301610013,1.0,0
52679.5475682136,270,1.849269997562193,0.7512755978566935,115,1,49.623739886394674,8512.850241615883,1.0,0
34292.486254691255,1020,1.7703148621631757,0.3402306421280484,18,4,29.57536287347177,4813.842564363694,3.0,1
29505.060118091464,1200,1.907497445323573,0.3607135006218275,45,4,34.06805424082678,4245.861130752987,0.0,0
23661.138552368924,2400,1.3085999966028687,0.9848749416800812,39,1,33.29470216241411,2754.7692054498275,1.0,1
47825.7705942383,1440,0.8069681969197132,0.5500583804334485,39,5,20.437820622414577,3327.421865081036,4.0,1
28093.2268756742,1410,0.8502744385781739,0.6824866491334466,49,1,41.55344332477491,1774.730205353986,0.0,1
7942.269069733424,510,1.2183313701268117,0.6370276118120737,61,3,41.13266326615867,779.2757127219286,0.0,0
10173.433805857876,2010,1.0592245095275967,0.8196449056850065,58,2,38.06136147970953,996.4449128263728,2.0,0
72199.47834438932,960,0.9539287096332808,0.8532068484473255,35,4,35.18495439949824,5739.982164520178,1.0,0
68280.68076700912,390,1.8938445294103785,0.5576235711456065,117,5,21.01555109539503,10602.102875002727,2.0,0
52928.47433509009,2490,0.984503506092747,0.2916105142167353,117,2,32.95225612681569,4298.271706232809,1.0,0
21041.44216727469,600,1.901255126778277,0.0225722450992197,39,2,33.887425801678766,3100.838678261276,3.0,0
72734.46373505771,210,1.6630066083854484,0.6082592185536769,26,4,28.37267276934057,9762.206405604904,2.0,0
58738.19144148591,360,1.519134806550268,0.8172141449329634,63,5,36.06457146000789,7203.601455577232,2.0,0
54191.42890318618,1230,1.561222752107254,0.4460344074565429,44,5,42.84861028177446,6292.948546344043,4.0,0
34528.07040756847,420,1.1477691883909489,0.1630590790859556,118,4,60.63423081452636,3514.596747855988,2.0,0
21509.75479561919,2130,1.525712445669939,0.2852012522062845,51,4,40.09493375398207,2680.0057318196705,1.0,0
8584.735718282198,1350,0.9740305419375184,0.504889040216746,4,4,41.09060468867317,750.6962739480006,4.0,0
67841.27614597237,930,1.8752465190431755,0.8283144067878899,15,5,37.106649010806,11493.012344833076,2.0,1
34999.557302770416,180,1.1121520079527123,0.1700356146077364,8,0,18.0,3019.5240236942664,2.0,0
16373.707312449427,1290,1.0562238147522507,0.6060283769524191,45,3,37.6818334946094,1495.61799853854,3.0,0
23987.81187507296,510,1.603395357832989,0.74583492781104,37,0,38.72276251929232,3183.8402686115564,2.0,0
44072.63831722936,2460,1.5377384616794183,0.9266870451314748,102,3,67.55890534982343,6162.963688753474,0.0,1
14492.799546033531,840,1.2915587020119663,0.1155366547620708,106,2,35.69166842262653,1453.441414826984,4.0,0
64461.1498807896,1290,1.5089354816289435,0.9171277178229118,16,1,41.61856810800335,8451.552698379539,0.0,0
57251.185442887945,210,0.9413916861130274,0.5954528598227347,113,5,37.58345876353708,4607.463548055386,4.0,1
54380.52726239385,480,1.557993968882346,0.7590345715579632,70,4,23.975863548565616,6713.518055205899,3.0,0
33258.83842347012,660,1.0747328342342326,0.0532369624728699,36,3,51.71387377418024,2718.90773641344,2.0,0
47607.19979162957,300,1.0774031720117487,0.5010866740841892,48,5,47.02319639224129,4429.904253117063,2.0,0
44431.20071508607,1860,0.9446159219325416,0.6164033773399857,52,0,47.49238336451656,3697.81567762803,2.0,0
49263.72521427927,2370,1.1488525620433976,0.3037655014741118,20,3,27.08735054246313,4507.698522500812,4.0,0
7706.657603781848,2460,1.1475012723735938,0.4273337060202401,104,0,54.8335317312332,762.5662017951352,2.0,0
32061.84405953981,780,1.2950148140427231,0.5487551539268021,1,1,21.177787246492628,3372.9624433597887,0.0,1
4558.641778849097,2010,0.9785034055996192,0.54702246037525,8,1,45.04228512560324,390.7413529033624,2.0,0
37808.32521447214,1350,0.9816090433905196,0.0414429101527696,32,3,64.28546750971975,2869.4890618599925,3.0,0
25744.79910645972,270,1.400086285995874,0.4350869489131034,17,3,26.113564098431738,3285.0505421503303,0.0,0
12122.527881654449,390,0.90465288560457,0.2116799732443085,7,4,31.204427244766737,867.2617679412825,2.0,0
9100.118127607546,1440,1.5766764095866022,0.9075281273044964,46,2,39.19581638105169,1157.7218195561245,2.0,0
44691.87605506183,1170,1.882736551035116,0.9668141902221008,45,5,31.958292150605608,6268.249418454717,1.0,0
14038.583187461129,180,1.262154745997254,0.2966504273885484,15,2,19.39203882720641,1338.9007844978598,4.0,1
69496.32870069459,2340,1.831326375780812,0.1734335432785481,97,0,38.82275569767233,10646.246680479935,0.0,0
44207.99376797903,1860,0.8679799093510373,0.2173091094388596,105,0,25.25235543528674,3019.2804839885216,1.0,0
26994.930633310523,1350,0.8015491528507734,0.4729747327994242,86,0,43.68310916762218,1948.327819251687,3.0,0
44932.28862388413,2460,1.615642653016608,0.8657605431220465,62,2,26.96690918919436,5344.931470401536,4.0,1
3176.084520682766,2430,1.663225887577796,0.4950358527882632,113,2,56.59921286021047,427.4383413464364,0.0,0
71954.10217324622,2430,1.7616698891589015,0.0548381410981446,42,5,28.600960491965157,10150.9217293714,2.0,1
36949.30261530317,780,0.8181812140799777,0.0394867466860125,51,0,34.13526180553189,2228.6424793198084,0.0,0
59031.039202896034,2220,1.6822884659481965,0.22511703616662,1,1,47.76220660843604,7529.544308122426,2.0,1
7580.654994299235,1350,1.201846479355898,0.8343435648333345,84,5,23.229628202792536,743.4963017989201,4.0,1
37269.38731660479,1860,1.1140051592186384,0.6152657519597925,11,0,40.72951921524955,3453.9324742931035,2.0,1
37566.96408505729,2190,0.9576287056119565,0.5573282752484285,79,2,53.685713051389136,2929.069683413534,3.0,0
70430.24444066123,540,1.9452189061230325,0.3157798966568157,93,1,18.71020118526527,11501.624214147016,2.0,0
43522.01184964154,1200,0.8263963071826363,0.9201311509957254,26,3,40.21560630238765,3065.633423760487,3.0,1
36301.470977686105,480,1.742409617529599,0.3278664625125111,73,5,41.11859353098108,4651.036395609026,4.0,1
21122.71123725417,810,1.517393322588633,0.8265949685264172,36,1,47.381874461327726,2647.939030278152,4.0,0
25870.321304677585,1140,1.6320965331142403,0.8869444827961253,47,2,23.156591469463017,3909.977096357805,0.0,1
39769.421581658025,2160,1.6040605439061555,0.4785016630839753,63,2,22.15452064298869,5340.329025205974,3.0,0
33759.99233242093,2190,1.780121382087819,0.8853463767859352,29,4,44.263298787402775,5221.4684259694,3.0,1
3088.4878712042864,1080,0.97055048382733,0.2740352545171366,95,5,41.56381607879823,238.51556242353809,1.0,0
62232.4564282853,930,0.7509895402016225,0.651849091921443,47,0,41.00591420415052,4150.765123527425,1.0,1
67367.81673022285,1410,1.4682341868519195,0.0870841110391424,55,2,42.15737851396371,8782.547028763596,1.0,1
11808.308041397891,2310,1.1746303671880007,0.4691948719514699,97,4,29.83970334105811,1161.7741270109009,2.0,0
42221.65655012013,2460,0.8985447973405652,0.2151584841367644,27,0,40.78704436593204,3522.6848752805645,1.0,0
9480.3169734551,690,0.9733665049250866,0.0621356451512968,54,4,41.516869679584175,699.8781230397225,3.0,0
50909.64683842616,600,1.1480991749510674,0.0036882529968445,119,1,29.427782983683585,4306.09531666308,2.0,0
22170.68311216712,1830,0.8342800450640439,0.3215045952764003,47,3,60.38929413373708,1641.3198188856786,4.0,0
49967.56364985478,870,0.818295842554141,0.5836352885913952,13,5,43.68599505094145,3658.535178641933,0.0,1
54934.10415008587,630,1.849231505798933,0.4506780441746457,34,3,23.704358033568216,7693.858050491164,1.0,1
57995.59065594779,240,1.1245232992244354,0.2987516055343011,114,5,45.87864330360596,5129.021215488661,4.0,0
9418.959527758398,1110,1.9286768369683016,0.9812880304684886,91,3,26.303819957272143,1338.5599684000335,3.0,0
68826.87061761419,1080,1.90724040999648,0.930129789579881,97,1,47.44501524490943,10396.470697404746,0.0,0
18420.72833077374,1470,0.9210855387925364,0.1243967737691219,30,4,51.903146948088846,1506.610533287415,4.0,0
4249.822878949213,630,1.607909163475429,0.4109563524018098,100,3,28.15181217977948,571.8986998022613,0.0,0
42281.65650027402,1830,1.470965866952483,0.6423584646536747,47,1,49.56051355093186,4993.952618472182,1.0,0
28762.787863889247,1770,1.5787764877261845,0.7261558895546374,95,0,42.95337112323798,3667.681360517662,3.0,0
62489.54612023237,1260,0.8654292000173698,0.3627084333603955,105,3,47.86472191993388,3967.351135704817,0.0,0
60906.483196726185,600,0.9762720943614696,0.7388189946079942,24,3,60.76151579184737,4717.025908440307,4.0,1
24809.708622469578,1350,0.8419663937410578,0.1229085127815715,112,4,35.05534260796556,1801.932434848836,1.0,1
71538.10553762625,1740,1.4749610462604854,0.3284944990051276,75,0,28.955166027710124,9793.694499669264,1.0,1
22882.46110329872,1050,1.9339092910189093,0.709268843998346,87,3,27.32582684449372,3994.883918458389,4.0,0
39356.69899853102,780,1.5563814451895297,0.6194259623577714,90,4,28.210276580414742,4520.86838109012,4.0,0
20313.4341567188,1350,1.6029138420263154,0.8288381127130383,20,5,37.07477948703075,2972.9385234363344,0.0,1
70299.2023985988,990,1.9315020498519373,0.0463884524404835,89,5,42.09382369779973,12084.32536760472,2.0,1
13598.674592278334,1110,1.5636138650061553,0.172647800644818,25,1,41.32028959196023,1891.1561887725363,1.0,0
4800.93052533618,990,0.7982178871541644,0.0480096364492467,32,1,47.92619898843229,316.12968820529125,0.0,0
33479.63391022329,870,1.790406721027917,0.1901930820067192,13,3,38.15602270253488,4872.90446668719,4.0,0
74439.60395810402,1830,1.1876139484545556,0.0042399825266056,21,2,55.44240892588781,7018.65928026655,0.0,1
67038.27906973618,1230,0.7552363458176584,0.4991681986620776,117,1,34.82411800114453,3779.370239420125,4.0,0
56522.68943008577,1260,1.3586810130729847,0.5230312516125729,39,0,70.64202999907542,5982.281680118102,3.0,1
66973.24807957158,1680,1.8744180010515163,0.6513128635919349,46,0,45.50800817318007,9825.115194623944,4.0,1
67168.32801779294,1020,1.0587968246339798,0.381063322729033,57,2,27.71410932300461,5903.819686068531,4.0,1
39636.089488404,390,1.339815807663408,0.0031756137783321,85,4,25.14929002326665,4688.232601680997,4.0,0
24720.785309563285,2160,0.9585322653388688,0.6671522428635608,68,0,43.78966898291822,1962.2273218604005,2.0,0
58242.91376015762,300,0.8192312059997281,0.0537481768704334,64,0,35.31844657608979,3554.25719366207,4.0,0
50132.10284283044,1500,0.8466539360557358,0.8575087265095664,100,1,46.56800592910511,3925.6587533724446,1.0,0
28963.84307221769,780,1.6224130871536264,0.0224274478308579,59,5,43.67885149488254,4332.027157000574,1.0,0
8443.300102521373,660,1.7868893648905788,0.5251703720240661,92,5,37.12605304811753,1343.3247428186105,0.0,0
56389.03643415341,270,0.9219586071029892,0.8859687035616655,109,2,27.83847538317914,4843.229735686982,2.0,0
20790.847920330554,2280,1.0959822813725624,0.5667646800308923,81,0,19.821833303769623,1919.1385900107243,0.0,0
70355.76656423278,1170,0.9840353611737928,0.6023325790784907,4,0,32.641820575195744,6410.152951648547,1.0,1
19211.33726291783,960,0.7822269323117135,0.6747947398540316,31,5,48.27678553188167,1124.7491481978425,1.0,1
10522.708032244223,1890,1.4141176438643803,0.1211847592531623,74,2,40.56912492956245,1200.054582402029,3.0,0
62586.78140118061,270,1.589906604165177,0.6681778298024539,57,0,23.051134655456146,7745.730947397085,4.0,1
12766.397271900312,1500,1.5274529770620844,0.8715513331926871,34,5,40.078171110214186,1506.3804276795877,1.0,0
14676.220649593824,1320,1.2156642567626972,0.9644786245069632,40,3,42.62380855674604,1358.6084835108418,0.0,1
45554.635176782,1470,1.4160122951278864,0.4386214793647636,9,2,27.393710765586405,5533.421725855405,0.0,0
65780.31000155365,450,0.8629191679634696,0.3410598031607714,28,2,39.84470127134634,5049.631489687803,4.0,1
15937.947930021131,2400,0.9351644624672212,0.7457765194403538,93,1,38.698504621352,1265.390339476126,4.0,1
24308.789958156965,720,1.86815354346358,0.5374455452143614,1,5,24.284356426032524,3463.732854605514,3.0,0
58639.25561072655,1740,1.6638092973838765,0.2547316079104801,100,4,42.2934483241794,8737.471164765271,2.0,1
72929.2423154811,1920,1.8572869149902007,0.1704363061200059,40,1,44.72941431641881,11655.846692012174,0.0,0
38304.47718587216,960,1.8500163413992403,0.1685279975868162,96,4,50.996614918103326,5746.825424645255,4.0,0
12076.466437516932,480,1.5292711405292887,0.4545852662400905,30,1,50.64562462441884,1603.3334001071778,0.0,0
2524.317146552813,870,1.8638863777345984,0.1684231615594936,99,2,21.46796758451491,369.493560037688,4.0,0
18379.718204915865,2040,1.250044923698956,0.0195217545713709,68,4,26.74609952101853,1843.487140711784,1.0,0
11188.933007309295,2280,0.7543394937419291,0.0515678872199931,102,0,44.18042320650392,773.8282366723051,0.0,0
51307.91251054502,2370,0.8250853390153913,0.920585698513436,7,4,44.1654314109465,3350.4107077041945,1.0,1
10454.689090197038,690,0.8813847908409782,0.0722317277485344,95,1,44.18057223567257,762.3527386294227,0.0,0
38715.24997411652,1590,0.8644241438194323,0.0724488836751499,32,4,75.0,3049.9987633019696,2.0,0
52528.28901975216,510,1.1720428690203162,0.4466765610781971,43,2,44.850686128318,5386.219534925711,3.0,0
44212.07077773632,1830,1.5915249685312292,0.2426492795116822,5,0,51.62678768216719,5247.60985456501,1.0,1
16183.510397014235,1140,1.698778567920594,0.9530669136507728,114,4,49.448021161918426,2097.088408746106,4.0,0
60603.15267439631,1830,1.4582559292135495,0.9018759811028262,76,1,45.81669501566957,6494.686489600847,2.0,1
54082.42402676142,1770,0.9257234094683756,0.4006958161845544,117,5,34.216769064315855,4303.206777002761,0.0,1
55815.32428779232,2490,1.64748192257781,0.4442442042220966,68,5,47.10763064591921,7566.661285020441,1.0,0
11132.744739462523,1320,1.1757623029651187,0.3713625165448145,18,1,28.72609742554914,995.045560243848,0.0,0
10595.904568300328,960,0.7655920184061555,0.0374874554766969,40,3,35.15817671911989,750.3081774715081,0.0,0
69675.84749897831,1410,1.0867063446392993,0.2899183708621616,52,2,32.17563742605076,6354.680478529233,0.0,0
30721.99724613313,540,1.1467206649691737,0.1214467349158642,17,3,38.98248967263587,2753.936101852297,3.0,1
23619.72884589907,420,1.0790946422617234,0.1013466267149715,111,3,65.77590280008211,2124.301246274202,3.0,0
37410.9273333377,1380,1.7242441838251028,0.555252957207024,114,1,18.0,5607.194741655897,4.0,0
50220.51963812331,2100,1.6619116771129083,0.0977772091364266,67,3,46.23512228449416,6247.813310522056,1.0,1
71738.30939295229,1410,1.5846624364951696,0.1019020105573109,70,1,18.64740954572418,8961.179081980868,2.0,0
22553.797675831043,1980,0.9168060942147184,0.4757085776711551,84,5,32.3368176105268,1850.06692441386,2.0,1
69473.41955443399,570,1.7194006916475384,0.4378595414714124,81,5,51.0674071636084,9858.0243772374,2.0,0
3327.1726168898394,1230,1.5626111539959884,0.1362584372810456,7,0,38.77136022914555,438.09958319867513,0.0,0
42307.056111021615,1590,0.9838052237776702,0.0044045345607743,63,4,25.06706266484833,3412.565383868496,3.0,0
48097.17070855976,990,1.5277127163378197,0.1910446973501654,93,5,29.41635548888038,5452.949194749814,1.0,0
9283.459175680367,210,1.3302139692044173,0.2335333316402203,96,0,46.15517298721611,946.529223505828,0.0,0
11814.96038419758,330,1.2772200742274702,0.792245959172779,71,4,29.23560041939436,1241.0895164099024,3.0,1
32304.902469748333,2340,0.8845477961668666,0.9062839670219428,107,5,40.5975030749837,2215.0673444929084,3.0,0
72518.04554252386,1590,1.3719651310141985,0.40188495351309,70,1,38.54686207884576,7395.547356079184,1.0,0
45309.1276627264,780,0.8699181707668364,0.400976459235968,45,3,30.1807958287302,3555.5034226594503,1.0,0
70077.20678761552,780,0.94710406470512,0.705356470922268,53,4,63.72732907190391,6169.606166533928,1.0,1
60620.52729755335,270,0.9090555771297152,0.6206527955476421,82,2,45.60702826781613,4915.372701326746,0.0,1
35852.54771431393,2370,1.8949299348840087,0.182298784826475,106,1,18.0,6142.214758686928,4.0,0
59180.113520035775,420,1.091837628532668,0.1066122310729027,27,2,40.23745177723313,5051.146226330295,1.0,0
2811.0036223085986,1950,1.1762451883152092,0.4332357717485003,35,2,30.058562422779342,305.99640269226745,4.0,0
9522.083762281518,720,1.1364967275552431,0.5591800795311354,78,4,48.22920001755469,836.2217947879316,0.0,0
62463.00319388112,960,1.8279005342137724,0.1373205271272211,91,2,28.48975113880759,10545.53015942894,4.0,0
60066.05599189939,810,1.425559093601866,0.2903407584743601,47,2,36.62316270239721,7983.047577911806,2.0,0
18599.09453453288,2100,1.852991878719974,0.3028835664662691,77,5,44.05984734776548,3017.9337669401684,4.0,1
40511.56490903043,240,1.1099098869934747,0.2586852190139224,0,3,48.389062330041455,4179.700264961899,1.0,1
46042.1628214508,990,0.8878016093183387,0.4561536536288731,35,5,23.59644311533069,3463.209440637071,0.0,1
65278.81310253682,810,1.4174621432690095,0.6465329484765412,114,4,33.985985169908616,7265.860700167311,1.0,0
45828.37606439634,810,1.164644390148021,0.5042959847798324,69,5,32.30065626606853,4380.558093488911,2.0,0
31824.010341615503,630,1.712288200188898,0.1994419966248707,104,1,30.160049209115456,4642.956002937425,1.0,0
29002.52719042793,2310,1.8053080906939905,0.1019096565769257,26,5,59.18545088337317,3916.151927317741,1.0,0
32802.33334845297,1050,1.317088213088486,0.8136517582697134,34,5,42.85978053153147,3706.0105255764342,1.0,0
49416.9303801281,1140,1.91563082890261,0.4745116358906078,116,0,22.86939254797946,8799.726379237773,3.0,0
65260.56143379588,1080,1.4136156076132869,0.0615177922925384,119,2,49.014343364657314,7116.006879227212,2.0,0
34861.42083260803,2460,1.075104472063575,0.2555402846530624,105,2,63.4658743641516,3342.6331513983555,1.0,0
19716.207876924826,960,1.3367706184131294,0.7959934406003133,38,2,50.38958312661376,2411.3492818690074,1.0,0
18894.68368032221,960,0.7947723508835132,0.7442090615258145,96,4,19.76756040855184,1384.6754367213875,1.0,0
56332.04959789331,930,1.714801392315681,0.867058466568404,55,4,32.189191125604985,8938.822555735906,0.0,1
61517.80411165741,930,0.8717220610253051,0.5960669477416751,101,1,53.20293379023947,4491.884990812978,3.0,0
9237.938869278183,360,1.120498186203606,0.4186768750144745,102,3,29.507966412574632,961.4043236459868,0.0,0
6392.075986205595,1590,1.428379856405932,0.4223686475789061,52,5,43.32583313775474,807.8458340290458,3.0,0
45190.874286099206,210,0.8015701507762787,0.1920600440480142,36,2,47.29560864115204,2773.5280433341736,1.0,0
12243.733448163324,690,0.8451802790177378,0.644290971902703,116,5,26.876834341063,857.5660088284184,2.0,0
62112.81799854109,630,1.5853396291356154,0.5792180685319255,54,3,37.2856957272584,8635.807019392661,4.0,1
24309.59853341947,840,0.8361325116729225,0.1533157673145475,51,5,18.0,1591.1256943184048,4.0,0
12074.587073378983,1950,1.322499439496852,0.8768062908449211,79,5,25.70734830398852,1375.6282028675962,1.0,0
69191.32972782759,1560,1.1564347601049003,0.3647835212774911,112,0,34.96918218328208,6934.549841854468,0.0,1
13666.581621042946,2490,1.0236952895476996,0.0492413778658578,15,4,23.02660181642181,1071.488522982818,2.0,0
22426.92605183826,990,0.9765346774363984,0.324602111571986,118,1,57.588935647179625,1853.5641567899816,3.0,0
12790.58454661631,2340,1.6660935524790954,0.86115814756446,50,4,20.838303464472407,1891.628279762781,1.0,0
9988.519679403593,270,1.891850631780339,0.9077870200031668,3,4,32.7194661596362,1574.3149043224769,2.0,0
3054.3792007283428,1350,0.918215690643998,0.4854944330870371,37,1,39.5688869274331,206.34800278805244,2.0,0
5571.562573573118,2040,1.9016174630089524,0.9467765406726838,55,0,55.29527946879338,778.8804984244912,3.0,1
14336.148113785172,1410,1.4637150041701243,0.8664893911198562,81,2,20.76965418584673,1688.6675660689843,2.0,0
5423.572048097391,2340,1.5199924864359085,0.8169784099282331,67,1,51.95796502585952,757.2514743377757,0.0,0
44949.07048415639,900,1.6019116537710982,0.851112964035384,16,3,38.122796732235045,5609.640456253009,0.0,0
51532.51771976372,240,1.5949426684254973,0.3780566580471352,58,0,26.22189618742459,7070.155101264628,0.0,0
30431.838577154074,1980,1.7337733298228255,0.7489042513479882,27,0,43.54524169115925,4103.549683362463,2.0,1
24872.34562597563,330,1.330162381617237,0.5715656130453878,32,2,40.38871634688164,2639.0232180001685,0.0,0
38582.67842113391,1950,1.3900303050176412,0.7124871617229036,85,4,30.797397474094463,4842.575236158583,3.0,1
65812.86325424373,1890,1.138592402956099,0.1760082465049668,96,1,38.83762501988023,6587.492362355387,2.0,1
64058.174571432144,2130,0.8763091125397404,0.7240799726571925,18,1,33.37623683765888,4223.653536119325,4.0,0
4695.417057940208,1290,1.5475682291114627,0.94801650985223,72,0,39.362208143014975,595.1781508164947,2.0,0
14840.13310534452,2250,0.7903319630235011,0.2996366891576152,50,1,45.94556809425256,866.9420736277898,3.0,0
18900.748026173107,570,1.080762061300042,0.9762997107160708,40,1,57.03220179374422,1694.4603961045548,4.0,0
19829.98682366757,1170,0.8630758373353203,0.3745922546573174,85,1,23.146214014077813,1481.832329074888,2.0,1
43485.5999030938,450,0.9788725887872616,0.1977262620508225,29,2,63.5964004958752,3222.455557740585,0.0,0
32095.28828918463,1950,1.516477095476857,0.111163367502236,91,1,18.0,3850.4739248445935,1.0,1
5120.177814678158,1830,1.504171956245902,0.777112294155296,48,4,36.178578859573,626.0658374526714,1.0,0
28960.63917677852,2040,1.2552658955948544,0.5492771463728027,11,2,45.05980647781492,3334.468655839229,0.0,1
39995.84173074634,1950,0.8582063717873893,0.3040599807254086,95,4,41.37190241282039,3199.0069907940538,1.0,1
8972.884863423124,900,1.27004869975129,0.6023658660958203,102,3,30.527605762152877,845.9429058901331,1.0,1
62759.20370345914,330,1.173293846229952,0.3287801759625947,67,3,35.5025329957127,6520.635261974108,0.0,0
5319.197185185163,2340,1.6145509834271397,0.4438741797551741,86,3,32.083988784094004,693.6432843569196,0.0,0
69475.87737282757,1320,1.444831929838862,0.8540374844955603,17,5,30.927622916669463,8149.177475491424,2.0,1
8784.81590612085,390,1.3398789208043986,0.6614848120905731,40,1,48.19522516425229,1040.7394446152136,2.0,1
63502.758942434826,2340,1.3343784987659943,0.7547778213076692,41,5,42.284185831580565,7770.514648258375,0.0,1
67845.00607867986,2490,1.9095562647125024,0.5776586159548805,91,1,29.68508485687215,11964.54546637625,3.0,1
73498.44502311456,1200,1.6575530660441404,0.9814840683967648,42,0,48.79519850519901,10340.210890914292,1.0,1
60448.90220010913,1980,1.3463754725521535,0.2389959656279837,87,4,41.68759425051931,6549.673898624032,2.0,0
58791.59924669268,240,1.3250671354667731,0.2596682491116266,36,5,47.75434542606752,6939.919004162081,1.0,0
48722.52078567275,390,0.7817749215659562,0.0916333493509495,72,0,45.555546103083344,2984.483035815449,4.0,1
58756.23206149248,810,1.881011115983768,0.5484793070500034,25,3,28.05205986893513,9351.72447923644,0.0,0
11389.58731836631,1710,1.1330087661207957,0.6072256440442841,67,3,31.277827517636364,1038.8756982197897,3.0,0
40901.00064215134,480,1.0571268982568924,0.7187019571698315,9,1,46.96752326147914,3738.575866550721,4.0,1
39295.38095899546,240,1.9492907104652053,0.3320914666897684,88,3,45.32444318520158,5985.4776456410245,4.0,0
64531.55259300798,1740,1.6124276058054292,0.0121342338463769,3,4,37.74918087243022,8029.227836436221,4.0,1
35515.753371123414,1980,0.8068365279591456,0.6259072417174367,119,3,39.407928599705386,2627.6468210101584,0.0,0
29804.07796337598,1890,0.8242625724306918,0.9887085375951788,100,3,53.3319787494611,1851.5539425801144,2.0,0
48507.90043592759,2040,0.7806018767522375,0.2916038602520925,69,5,30.90114333397004,3159.9584759999425,0.0,0
21085.053836312185,2040,1.4695426794154427,0.1820951079443295,109,1,44.565168574040456,2409.1258542564806,2.0,0
11772.978205115827,1560,0.8358774000743422,0.2789492882480897,97,3,35.57368817079327,729.3182171477005,4.0,0
36623.97964074532,1380,1.8700660282139168,0.4211613200292767,17,1,35.38782556127336,5071.883788225702,4.0,1
32141.368591724047,2160,1.8742878480272127,0.248403799663039,89,5,51.185322223846285,4628.874433848672,3.0,0
18593.890628872217,990,1.4052648800976957,0.3434904251138546,45,1,47.90499618785636,2369.114480551185,2.0,0
28512.11804346191,390,1.489966717675141,0.631824671193569,102,5,47.762115632007664,3355.360352751059,4.0,0
28429.845062229186,1920,1.1002732818302998,0.3415777069741885,103,3,53.665745685851945,2888.529230347845,1.0,1
25570.923984322093,810,0.826767050889928,0.3920983553358181,114,1,38.25204609959311,1796.2783111052483,3.0,0
29390.60985992928,2460,1.6349525342301785,0.0396309501712713,54,4,46.18343565553957,3943.437720800091,0.0,0
51902.13589101199,1140,0.8721431864988209,0.908763076606641,23,1,34.27679892087853,3844.680689835117,3.0,1
23320.42088098947,2160,0.8526691692220718,0.4028171003157051,15,1,41.8899962298613,1663.6911403945744,1.0,0
71241.05761357752,270,1.1234677310450685,0.3248620808744463,19,2,36.438283347587785,7083.986098561893,2.0,1
68851.57943605608,1710,0.7649587918054584,0.0856193542829306,119,4,39.16395157991262,4159.939106178918,0.0,0
36846.91648005578,1200,1.2708427389075792,0.6278413832412318,70,2,45.14188430524296,3764.59657109665,0.0,1
25634.548567844628,1260,1.599217092096092,0.8551867007611174,42,3,28.18135180119833,3739.386911285205,2.0,1
40854.45705250523,780,1.711618717706327,0.0407416680518763,53,3,63.10864730822552,6451.660670545097,3.0,0
63869.19592486141,2430,1.4751687645587055,0.1438197426923751,20,1,25.927791422003576,8591.206691522853,4.0,1
49465.1695311675,1080,1.7662490437366951,0.1449259305973452,68,1,23.42973664654721,7139.897653982589,3.0,0
60622.79935411019,2160,1.2378026445205323,0.596252106794315,51,1,51.89733048200081,6674.0223968898335,1.0,1
40655.08729083191,1170,1.768526502072572,0.9120181976911852,95,1,47.49995232755524,5957.60425061644,4.0,1
48019.445751170126,270,1.3577679725980552,0.4333906833948545,2,5,45.489437804625865,5430.064128575329,3.0,1
22679.437642410936,2220,1.0176433535979543,0.3403683837119121,111,2,45.54014611117136,1786.9810733965282,2.0,0
55514.64742980637,600,1.882974775992559,0.7581822787407243,7,2,37.853038725837024,8901.578632087118,1.0,0
16376.737594740298,810,1.0799650486045398,0.7351433711380949,50,4,27.232947542170024,1362.836764499687,1.0,1
52567.66246815962,2190,0.7814417810253518,0.2442885778844375,40,4,38.90965469832472,3284.8323634249405,1.0,1
64762.85152195321,2250,1.0412088515460325,0.1592180986848071,86,4,29.87405946185466,6098.109997456532,4.0,1
11209.55854166348,2310,1.1900250735089133,0.3542319320912028,78,3,49.70143680101302,1033.4878201075214,0.0,0
46656.9109298311,1170,1.171619619947117,0.7678473583043649,23,5,36.23531142197434,4086.500645137994,4.0,0
8489.537494900193,1950,1.379601011332286,0.6881127560158286,58,5,28.09403363848986,875.0573770209387,3.0,0
54840.09867794988,930,1.809752258443108,0.6591951692926432,64,1,34.14336990016408,9145.513462414476,0.0,0
7710.251583528737,1890,1.100805872531639,0.8211342745615718,55,0,42.95517745130749,708.4655948110393,3.0,0
70291.57696849601,1350,1.3749247295510028,0.2743590092179798,2,2,31.235305366352303,7878.703744581785,0.0,1
11599.48285777846,300,1.1581667444261752,0.336286888214815,21,5,28.133355253202826,1203.0389732412025,4.0,1
71977.6980743174,1140,1.7361276712478406,0.0419160561030842,60,5,40.92424653790295,11252.852216226987,1.0,1
60364.9869422546,1260,0.939121815946174,0.860058318045498,31,4,40.93959885330467,4533.91095081544,2.0,0
45135.62732827703,780,0.8742123219720702,0.5766054375729563,65,4,31.916681895546443,3440.972894526792,1.0,1
59022.8716902717,1050,1.353594303885122,0.2951410689648563,19,1,32.347540332580124,7090.968336721647,4.0,0
59940.940665256814,1350,1.5562651029185903,0.0687223661348719,88,3,40.784599248291634,8062.194858300095,0.0,0
71032.98911707378,270,1.7046302413089198,0.716175408130835,22,1,20.62298790203211,9246.683037353609,1.0,1
20123.67650718026,510,1.4575498234863795,0.7412501443535705,77,3,21.11043470748134,2664.7742593667926,4.0,0
44870.57830883573,1950,1.6786197135828007,0.6595168655938723,100,1,29.378669344970767,6335.612308303826,3.0,0
8486.116020983489,990,1.2212520702731084,0.2017431612372622,43,0,35.43863417945784,818.5528105751712,2.0,1
46788.17895177291,1590,0.7894412043197627,0.9040838979235188,16,5,41.73089078717606,3022.806821294881,1.0,1
14089.910850819975,1500,0.8893191694818678,0.7456264388306676,0,5,55.70427460339462,928.3136765586656,0.0,1
43023.86994322448,1440,0.7964671214747954,0.6511787603481306,43,4,48.29191547842423,2600.5529926626123,3.0,1
43573.64278148795,1140,1.1447323805717913,0.6444344841875697,13,3,36.08073764043888,4421.59027312213,4.0,0
35749.90874412021,1290,1.3445896095224188,0.8953141230907248,105,1,37.77180550516773,3525.067946916875,2.0,0
39913.43550021453,2100,1.1775809803883273,0.9190240617661524,116,3,25.96964762434629,3838.344914218899,0.0,1
57648.36916548421,2430,1.4227193700796708,0.5896810438301375,117,4,37.77784236809132,6871.712175796389,4.0,0
60244.4866636369,780,1.3267309781913452,0.4125027168529229,110,3,34.53609633295834,5948.739939111169,4.0,0
37673.26134479404,1740,1.5635313622367284,0.360096639763822,70,1,41.872622724057074,5465.928010836959,1.0,0
45570.117951912005,2430,1.5503545962760874,0.8108880526699153,39,2,28.073228677372125,5500.502777787118,1.0,1
69945.86332322248,180,1.131676976530415,0.6381592864359902,53,5,44.23215817089407,6286.366188733827,0.0,1
10300.418754832526,2010,1.1654573464333098,0.0764933699511171,31,1,56.39286695603093,953.3193376955238,4.0,0
10107.112093658125,1320,1.452177385969564,0.1407641528848769,100,5,36.69487821851771,1143.974752036585,1.0,0
7946.612375441478,2430,1.46571896146901,0.8911840361537979,52,4,42.820540665187295,854.493358997371,2.0,0
49852.9514504788,1530,1.1276398963645595,0.8756531666234558,46,5,46.28172790053336,4942.539168059199,2.0,0
32267.71010809289,2130,1.1463814629305102,0.9423141242104942,82,3,33.185354337369965,3427.9746753423906,4.0,1
58412.62408642548,540,1.5828540158233766,0.4235724576550405,44,1,40.689109781725,7195.058967750022,1.0,0
50835.50887818156,510,1.5268929874512835,0.7762202985643001,42,0,38.15110880938154,6721.480874601209,0.0,0
26022.375237125507,2340,0.9120609656157296,0.8199427770411784,27,3,39.17211318258598,2092.656036963672,0.0,0
67529.94123107288,1410,1.279250255610472,0.3125399367798112,8,2,28.7238825937344,7800.96785309847,0.0,0
57546.11280969295,1470,1.8212472944527085,0.1438843341148708,4,0,38.29412209110731,8571.630494914032,2.0,0
21384.31815689792,570,0.7935668113253702,0.9870560980227812,48,5,43.9759794949454,1347.2722996328805,1.0,1
28268.11330624597,690,1.7761967357810564,0.0299170117138364,119,5,55.4137232935405,4008.7065300648783,1.0,0
24611.33854501332,2070,0.9458137884769724,0.5913625595243286,31,2,49.51124991302248,2038.798842175751,2.0,0
13084.456173937477,870,1.358698358954059,0.6437101514398919,76,4,63.838189490138674,1594.1187855016508,0.0,0
12362.077881851086,1530,1.2592037147076138,0.6749714485499518,38,2,28.791829245343408,1198.0755422899176,0.0,1
70305.36855811719,900,0.7621552048097506,0.2530714665293988,36,2,48.46784764064814,4326.991299840411,4.0,0
33685.946734108365,780,1.8484763245075584,0.7143634518558623,19,3,40.20010406886022,5689.530548083979,3.0,1
29674.006974139626,540,1.2959102728011669,0.2142355676484528,67,2,64.27763519861207,3440.447941564498,1.0,0
55131.89958778728,2340,1.895121932112738,0.8207478731941656,79,4,28.300420575738183,9719.982338389847,1.0,1
42144.99029608815,2370,1.0940926811750615,0.2169255073437881,42,1,27.923337893830688,4077.014202806564,1.0,1
70306.28903262697,420,1.789530928099167,0.6897389687853167,63,4,30.80728825467173,10215.853044407782,3.0,0
58852.15980234033,990,1.8568674887947565,0.7755793509756361,57,5,18.0,9304.82109888072,4.0,0
36733.662963153714,1470,1.4181988996449366,0.1870562929575668,32,5,31.690939739830867,4509.066179941788,3.0,0
29162.421300840728,1050,0.993213345441261,0.2356066227562767,83,0,28.890408061355625,2169.512454183456,0.0,0
74017.41855193766,1860,1.572296918526864,0.7713127013470232,66,0,39.804725437714495,9801.68203065264,0.0,1
54255.37734626779,780,1.408773679835352,0.0851389819186033,7,3,42.10107170932592,6689.444969693315,1.0,0
71412.80751028232,300,1.883435599023151,0.1888533429419975,59,5,60.51405007059064,10313.536824719604,2.0,0
10208.17542545254,960,1.27712647417259,0.450975597128016,46,5,49.405086058232605,1159.6002404922422,1.0,0
64014.22542052252,1560,1.0722163771677864,0.9208801094573228,95,5,31.077156132051165,5834.7568213550085,2.0,1
48324.93047335376,600,0.9159444017929286,0.5562590565440804,36,0,27.219023943819707,4088.912529412812,3.0,0
10461.243357630774,2070,1.5883602824240155,0.3838010697261432,114,3,43.90303005807807,1232.621021024523,0.0,0
44736.96299773772,180,1.9189315427766984,0.9685865200002518,73,4,22.15720151575229,6751.009048791026,2.0,0
51928.08283525049,330,0.7840125246856782,0.4590741931590756,15,3,59.977505190252245,3475.378717453079,3.0,1
2404.2474128123085,1350,1.6385344257337522,0.4293976239506072,48,4,52.15328144865545,312.2580370033128,0.0,0
34892.37019536837,1350,1.8623164350716,0.4075278737188463,106,1,32.36989217474354,5693.721237342128,2.0,0
62166.8640729296,870,0.8397378410728192,0.3090582718807282,30,2,18.0,4620.743904661815,1.0,1
23208.888362790603,780,0.8822040541273598,0.3224378616402085,84,2,54.24646848998496,1543.4784332576933,1.0,0
35203.28401219351,330,1.5803485181396504,0.6809586893302031,94,5,36.62552185696858,4651.53691183419,1.0,0
34010.08833949015,1710,1.527556051074946,0.0404272413684623,83,1,52.853795743681545,4338.5973858275565,3.0,0
23691.66327102313,1050,0.8325928983794948,0.6749985583898557,10,1,18.866868094467595,1592.222478158422,1.0,0
69005.47932039323,450,1.7513073025813877,0.1991924531446141,44,0,30.807499724554724,11117.194314177215,4.0,0
58925.111604216414,1110,1.3781086174138708,0.3803659231724479,41,0,38.0629243966182,7299.004691201471,0.0,0
9628.24820821412,2370,1.838636848003935,0.1450735828347286,41,5,38.5637671251769,1545.0610312179156,3.0,0
74782.04735106161,780,1.8035890571912447,0.547223533631745,105,5,32.59921434224908,11817.824262170796,1.0,0
66121.20178661928,2250,1.7250093228601988,0.7220569405026183,0,1,45.47419918816998,9417.641231713322,0.0,1
22367.270183006865,780,1.3690786754933055,0.351109020295801,64,4,25.188554847408867,2809.717924018926,2.0,0
63011.89860507896,600,1.0520527700993187,0.1617824117648603,117,3,36.29144617974448,5782.321994594076,1.0,1
9321.83559254664,780,1.357170604693359,0.2242405261118638,105,5,39.443547580542784,1112.215030079981,0.0,0
74934.19768985653,930,0.8709736533621361,0.8099317893403168,72,1,44.173266008704985,5910.929613614688,4.0,1
50427.82810383046,450,1.5406153781681111,0.2649722477092539,119,5,46.53937853706668,6123.110232718047,2.0,0
49284.18864357158,1530,0.9107726630748092,0.7669555670811149,48,2,24.50429489794557,4016.225584939432,4.0,1
8147.393433333757,960,1.3634075550008675,0.327887412738149,73,4,19.59062995117253,857.9781384421786,0.0,0
67431.95481890196,1860,0.8152583690001813,0.1868452287995329,65,2,53.33212186278211,4411.16058845427,4.0,0
3631.463485528503,1320,1.109414988329575,0.7200354740311568,5,4,41.9877681437551,322.4874829308605,0.0,0
19200.86226602431,1200,1.0284965528037453,0.4638595791804546,4,2,29.01816156132136,1834.6670042621452,0.0,0
12012.107824747673,1260,1.494037851254005,0.0309644787620583,107,5,56.613823706270274,1623.5175314127562,4.0,0
58592.44364087806,540,1.6941440544270103,0.9503429951509548,20,3,39.3880956115143,8671.381999580579,0.0,0
16068.010700147994,1830,0.8187635454486314,0.1462759106213863,42,1,52.15156620876592,1156.0678448318797,1.0,0
68431.90969412007,420,1.770340422186461,0.3498729066885604,74,5,38.81022177692131,10246.047611290232,0.0,0
49735.77439057053,1860,1.7829212339455254,0.3809466886457502,69,4,62.728975098583845,8182.495701499593,3.0,1
4157.959221360172,2490,1.1607228891456274,0.4845356002658291,61,2,59.06409010931846,401.8254136841591,0.0,1
1899.092808459484,1950,1.540804879164387,0.777589582110829,117,0,35.01243021825112,236.8518709978762,3.0,0
5296.856900558321,1230,1.2331356380441394,0.0060293768783754,94,5,49.65885141145226,500.29258613100046,0.0,0
46035.50055710798,900,0.9350290586275578,0.923147330822714,113,4,45.744511395021775,3833.435989101266,0.0,0
60408.913098167024,2220,1.3843949022757325,0.6395295656009811,79,4,54.42357869038818,7361.279221192237,4.0,0
19033.632316113053,780,0.853631609401916,0.9411423903574462,117,4,26.420918473038743,1316.3965325249294,1.0,1
63931.54995484586,1290,1.8041665864751848,0.8092156420423209,72,3,46.23261751998128,8516.616621034958,1.0,1
5706.547601264639,1980,1.8591477112915304,0.9185598359023848,65,1,50.70109384219505,956.0401641058264,2.0,0
60370.8432426632,2310,1.7359357644136844,0.5949905454263212,97,1,18.0,7709.258505435763,4.0,0
69692.9641176626,2310,1.4250337449071742,0.3537358930484031,104,0,23.8008978480107,8680.84363283334,4.0,0
58249.96733417197,360,1.419118309350546,0.4384849224824677,8,0,18.0,7666.09579706785,1.0,1
52811.87762242984,2280,1.931528851921116,0.6514519872802718,109,4,34.767117986665305,8373.458331786129,4.0,0
63091.546071170655,420,1.0474820277974195,0.4226625411686729,82,5,46.610507069551545,5156.974084877237,1.0,0
4451.120516709382,1530,0.841138039086249,0.7243560556331113,107,0,56.02828462515234,327.34133428896985,4.0,0
16330.98513785057,2340,1.4243291083214134,0.0909295359192292,85,3,38.8891373650373,2085.923893883204,0.0,0
10681.890428964763,1710,1.144542717372124,0.8216867824950398,111,0,57.5433865468555,1030.1763542133183,1.0,0
38583.02777918451,2370,1.136806527369653,0.2021467532455841,33,2,21.438782501421304,4064.816592510293,1.0,0
56271.32743217008,960,0.7585024250039376,0.9345081334294754,22,4,18.0,3174.115233615626,3.0,1
47805.870576365305,900,1.4654872914575194,0.1539903419378952,23,4,37.33342761324057,5844.960801997564,4.0,1
64058.13583250222,930,1.066840442730737,0.1278725541413738,30,5,42.60878538727169,5993.566191045101,4.0,1
12908.15494442018,990,0.9754302578312172,0.8037573494815189,25,1,37.60766302287088,1140.5705678206425,1.0,0
55494.65025723437,1770,0.7985183176716044,0.8105148094259842,52,5,18.0,3408.525135024195,0.0,1
15688.549578864451,1230,1.1872338917707337,0.7313718256824348,23,4,36.93055952584654,1663.9219780576911,0.0,1
21400.76822185832,1890,1.8047626468637488,0.9509251592656576,18,2,22.34636599394176,3259.323356520678,0.0,0
53677.99525017584,1140,1.1540049691168468,0.2678342323985618,62,1,46.03607058596046,5033.897136881575,4.0,1
73545.05169005311,900,1.5648890521435124,0.8183822516003847,95,0,42.39917895316218,8743.10330450471,3.0,0
46448.45503931461,600,1.6578563560822888,0.3485201247429866,16,5,26.721442564071737,6979.663223778012,1.0,0
5505.773151860227,1440,1.1437209710282394,0.5320246393136473,61,1,31.83359699195968,481.5922048780832,2.0,0
46798.70928967367,2280,1.7359688820144494,0.4411440294043154,79,1,25.28943773733258,6461.031037833569,3.0,0
4612.765541142282,2160,1.580255591600339,0.0057915224468711,84,2,37.24785083272194,576.8370856968132,2.0,0
66484.70978546106,750,1.4210906744411418,0.5687175716037661,12,0,49.46170784601486,8575.229998659785,3.0,1
53654.00395489562,1290,0.7511909568607547,0.7400308288863134,88,4,26.17128744397348,3497.914034264523,0.0,0
14224.896712053987,1830,0.7921089191073698,0.1728068597395185,3,4,44.04855818621413,1005.83044367309,4.0,0
8241.493928078558,1590,1.939039012927276,0.922339303274107,28,0,31.63690857953071,1251.9615088875728,2.0,0
14989.692322703444,330,1.6887407082042711,0.5250955440243188,38,0,28.48552601285187,2172.6958213678404,3.0,0
73531.99769723315,1560,1.8750783105275364,0.1764635431195825,102,0,36.7156356805453,11687.698718751348,4.0,1
35204.207220699005,270,1.8327638459016329,0.6394880952077164,23,5,25.57709213096751,5806.24081442842,2.0,1
59129.94970309349,450,0.774531579771301,0.1900034814301905,93,2,31.356208335833816,4188.460725331535,1.0,0
48276.0131449216,1680,1.7002167477492889,0.062898014812383,118,3,23.625465288933817,6039.133457722646,3.0,0
43572.36652195985,390,1.2913748928133857,0.6784620899950499,115,0,61.57670159499667,4884.85764043705,1.0,0
12167.073717881152,960,1.6974698448007868,0.1095879344724395,36,1,38.42316262366074,1535.9825320340497,0.0,1
71032.79733651999,1530,0.7580589409960622,0.1051552738926709,11,3,29.60329390408897,4539.871823893466,1.0,1
23648.68348983177,1710,1.095839161440677,0.7325441275499952,26,1,40.56775892881066,2049.5255152836835,1.0,1
43984.26536185435,1200,1.6515885309495626,0.0546502108759904,92,3,36.652063403710045,5772.928958441647,3.0,0
52933.53192729636,390,1.7016249463219075,0.8016714872574751,23,5,35.34836480560132,7241.195440147433,0.0,1
49218.6369105302,2040,1.4936575214575487,0.7881872710613493,77,1,45.3700004005211,6304.653798949728,1.0,1
70633.6891126206,2400,1.1115074273355166,0.1399794937969883,44,3,47.09009252056767,6281.9148597336925,4.0,1
12410.265759124262,2250,1.1224351095454357,0.5131968408041991,92,5,31.63398622867367,1225.6384770061477,2.0,0
38863.926275850245,1920,1.910116756370439,0.0956592360592529,72,5,31.09018111226384,6044.47223603262,1.0,0
31196.52771944629,1110,1.2770546150810451,0.6262455075881274,70,0,34.699379634180275,2976.039156362845,0.0,0
36351.40161697244,2220,1.2865506602926045,0.0623007128408411,93,0,18.0,4162.743796920847,1.0,1
10262.488175534229,1320,1.4127993002888393,0.9350360477595198,114,5,19.81770725361737,1146.1112439926944,2.0,1
11355.953825648252,480,1.2414028042372665,0.2056534280158858,43,5,54.4024912093343,1155.8199502528669,0.0,1
21938.552614922417,2160,1.413205877516897,0.6760657093891587,63,1,57.7396125620154,2698.629857219913,3.0,0
23895.7883764211,900,1.2688025073210696,0.1270085101333389,75,3,35.01156752532346,2424.990993783322,0.0,0
32950.88620557923,2370,1.742057903522624,0.2075004838435087,98,3,44.9186835566692,4274.4687892045695,3.0,0
46407.58470719218,1020,1.8408612237579407,0.4464401523945369,57,4,41.73500185452243,6903.7419592889,0.0,0
48145.24013024233,2190,1.868532311778434,0.5673651799281011,44,4,74.94656970146285,8296.404954350275,2.0,1
31768.10089903941,1410,1.427155446995264,0.9888746079877662,101,2,51.434898937214925,3906.687320358903,2.0,0
31545.55854300924,1260,1.2805782689573944,0.0256669658100346,114,5,36.4649889022308,3504.923072577832,0.0,0
17495.696712226705,870,1.5962880705502056,0.000311275447646,68,0,26.53351471279489,2401.235636955722,1.0,0
44740.509258062106,2130,1.755988309555088,0.3468634237677985,12,0,18.72264415690913,6074.01777297678,2.0,0
24802.506981816983,300,1.4255786904796526,0.3624948041243956,34,5,40.44156363040668,2888.7428824582416,3.0,0
4150.397819386232,1260,1.5899772261867136,0.8749988637376453,55,1,28.92379105658836,583.0390597345925,3.0,0
32252.40324552924,1020,1.6496752208654977,0.9034567222203288,84,5,20.93295548482791,4009.645541194512,4.0,1
36348.75161912752,1440,1.561672532060744,0.8717197265957256,80,1,30.24112538908968,4478.200851419108,3.0,0
18081.075813009506,750,1.6453602668751717,0.1417469629811873,98,2,25.02142395662726,2346.067366797017,4.0,0
43575.6580844755,1710,1.000374399067198,0.4079837868292627,3,0,58.24569962087078,3573.3958163740995,0.0,0
43084.23468174619,1080,1.348049456426157,0.738426310672073,55,5,48.579677083393406,5397.96650882627,0.0,0
53097.16031161229,600,1.4559222655261046,0.309484957106399,84,2,37.90432830420059,5773.424258807407,0.0,0
49124.21344178894,630,0.7529735170284277,0.6566056482254458,118,1,55.75932966668031,3096.270688851413,1.0,0
49453.82965429582,1800,1.7771550105764182,0.2347714345591811,17,2,38.92841969177142,6760.332462708774,1.0,0
24741.74015906717,780,1.4820294101338944,0.3201850653811999,105,0,27.664589584060835,3400.8407727544936,4.0,0
59376.26831596761,870,0.904963598037844,0.851825352854999,0,4,56.277488927235886,4062.210067018661,3.0,1
41862.11219457644,1620,1.7296284870909924,0.2480039457281051,23,0,44.46692052421591,5894.228021364645,3.0,1
33209.23734572192,930,1.6104683597286535,0.9546808460160144,101,2,25.55304614808252,4711.3221549399095,0.0,1
47511.9173491677,1080,1.6599594521563643,0.3031969653274785,94,2,35.7159358629967,6894.976742497246,2.0,1
28008.31408209369,750,1.2204509542342274,0.0232928287250445,116,0,27.492580959382916,2795.73748037475,1.0,0
39186.33447859673,960,1.7750430080339905,0.2523518947645448,72,0,21.40640322842797,5582.944732993972,1.0,0
55647.8681034432,1800,1.2468330985588347,0.1694928928209915,73,3,49.1141305703797,5639.886541391916,0.0,0
66650.61217419252,1410,1.4346109835347096,0.5017586965553742,64,2,60.912999685641566,7517.354457983039,1.0,0
69197.70400119659,2490,0.7507707644398485,0.1115889056645814,61,0,21.217189114170303,4023.132510793179,0.0,1
38517.02000095779,1980,1.5238477376134347,0.6197883884729556,61,0,44.75563084028685,4871.2634308136485,4.0,1
39740.22093343183,210,1.611810950553524,0.8661500798509296,35,4,30.192289170538075,5041.284778419643,3.0,0
60290.47519114198,1050,1.4305312385865507,0.3588936929856983,102,4,32.15449539482365,6820.666401809774,2.0,0
24612.12584319879,840,1.3458705804523392,0.1668077921123504,42,3,30.89127290913357,2864.244739239603,3.0,0
63047.60363236254,1530,1.72192376845405,0.3960247458265688,73,5,27.632110763842206,10064.248537197163,3.0,1
37819.411019030624,780,1.56764726059829,0.7781071532361208,80,0,38.582259535337926,5063.512475893087,4.0,0
10015.469238642228,2430,1.0836888476640276,0.5855727973387996,64,4,28.028598603067547,812.64467074586,1.0,1
6796.347309861361,870,1.900888005695983,0.100131781194327,73,4,41.24548190935806,966.929744032954,2.0,0
63386.50101140054,1380,1.598720633034409,0.531815282783763,5,1,37.39714268661036,9359.695855792685,1.0,1
5584.241892655526,450,1.9355267146949096,0.4634045276410372,37,3,35.13262343760309,856.8846691389338,3.0,0
22124.94055582371,2280,1.915513579522642,0.3238411334609498,53,4,27.109236055500823,3185.94955914114,0.0,0
26058.557976863616,2310,1.852691667372108,0.10905899009279,47,3,31.07874403318001,4118.840531270324,3.0,1
14215.091721582145,2010,1.656445849470369,0.9713008162640722,108,1,47.06469470990908,2020.4407994011788,1.0,0
24571.162680446207,990,1.481315242196361,0.174282886694323,107,3,44.01100625149257,3141.240976161813,3.0,0
56087.9036542938,300,0.956604796419509,0.190815461882838,85,4,26.269337062417385,4221.567103099889,0.0,0
2579.189001665201,1830,1.4020217009085092,0.1441268651812134,42,0,39.19198766515071,266.2719516216261,4.0,0
62297.24670227045,1170,1.6684518268731927,0.5644911083119487,6,3,47.01664548046147,9628.336454619604,1.0,1
64456.27973273003,2490,1.3750285904466812,0.4392328787378733,90,3,18.0,6944.205817189956,3.0,0
28861.225629578792,1800,1.7918869540867892,0.2470616102062904,106,2,44.52032230855922,4491.738839639645,1.0,0
12790.548080956658,1440,0.881587079030038,0.4251291491913129,58,0,30.04851489264984,986.2642537024574,4.0,1
45661.76998396344,2460,1.2071284176583608,0.6667866325511007,99,0,44.84718402311791,4714.57301987665,3.0,0
10295.932856069734,2040,1.3571573023123888,0.2788835261836438,111,4,28.8408901214898,1112.147721940694,3.0,1
28321.57303925156,1230,1.2687903550429298,0.9060933182700766,65,4,18.0,2830.0023799424557,1.0,0
71944.54479622147,210,0.8803038573858637,0.3032827748059287,25,2,18.469490745402048,5401.467649925349,1.0,1
74666.63873489732,390,0.9342339528535566,0.1961972405146247,2,5,38.577019359936585,6323.757226463208,0.0,1
58249.70951456204,1200,1.7551407514265844,0.9450221684040864,90,5,41.11667002065778,9433.152555861749,4.0,0
24355.67097917632,1470,1.3312611110417412,0.8024550040169975,67,3,27.148200498747094,2446.41950720488,0.0,1
52043.3811137078,240,0.8084669121032731,0.3397062485950309,18,3,45.663109505328485,3215.81515212168,3.0,0
53347.367863074935,450,0.7697895107731799,0.8330175326324372,6,5,18.06175925277248,3787.459973592684,1.0,1
30006.36459452825,1800,1.318170482393192,0.513626106662262,116,3,37.2070424162322,3483.2412834751817,3.0,0
48605.31464208272,1920,0.9472544711093324,0.3432849732784522,38,5,23.46780560285052,4189.473116604064,3.0,1
2288.481905712204,240,1.596151135199066,0.8312154736438222,39,5,30.17796670637409,282.6726657944489,2.0,0
16865.737907264745,1350,1.7043881550333015,0.744643416195796,75,1,38.56878405579697,2445.8347817172585,2.0,0
40093.990268093694,360,1.0239560501485268,0.2948960942166747,43,3,27.67503961659257,3586.360637319513,3.0,0
13535.720862984746,1860,1.460612333858137,0.600611730105394,109,4,33.3853334692421,1718.7545641947315,1.0,0
13694.154788925222,2130,0.9353335721824632,0.3656963212845992,81,4,50.07551371057329,1043.854589690886,3.0,0
62968.36535544249,2190,1.1142991819132644,0.0010414528347842,42,2,31.077297565722212,5167.081022446169,2.0,1
74201.275697245,1560,1.81655459301772,0.9521975839862764,31,5,48.0283053447817,11456.108853416674,1.0,0
42363.75296009096,1650,1.402917709778773,0.5441327853121084,103,2,24.443517744108583,4659.260643797309,3.0,0
63171.62521980594,2340,1.81306643417304,0.5924482756491253,71,2,44.3576501349834,9430.577484921903,4.0,1
74288.64232798103,1590,1.0202973650154084,0.593892511420522,110,0,55.2988234478948,7010.036344753,4.0,1
11907.29780980494,1200,1.1460292118983992,0.5451350462112088,41,1,18.0,1109.6204215648745,3.0,0
34446.05257419481,1920,1.3151425661481806,0.2871473663258575,2,5,28.43725693435428,4082.992743651269,1.0,1
30354.094614381112,1560,1.3260960902334515,0.9618603636589756,107,4,44.92486552616648,3103.630465738885,3.0,0
7383.622347994599,2130,1.9471775606204405,0.6154517283901321,28,4,35.56345536748409,1247.6920427126836,3.0,0
57016.76770041372,1380,0.8873343827653561,0.6642121469484218,101,5,42.4537504804557,4698.741866898395,2.0,1
33382.75850821058,2190,1.7723580427219088,0.4502448297438793,85,1,30.752177759410152,4459.427258331137,4.0,1
35995.52966299449,270,1.786418447306244,0.2849827864858747,27,3,39.0390774496748,4726.259026687226,2.0,0
12574.463575273154,240,1.4138383578453448,0.06370549235318,90,2,36.13187317529505,1457.905931468437,2.0,0
14798.108938968808,390,1.1628446019109844,0.3467278946022074,9,5,52.01338473991769,1293.790550229539,3.0,0
68172.1162284818,1470,1.3730713251459554,0.1743364549757081,47,2,41.05305011961456,8265.432722437892,2.0,1
4781.708039609498,1830,1.1009612457678766,0.6554673855744417,42,5,42.051231944902426,482.3538935492267,4.0,1
18614.64294336241,660,1.7089289381279271,0.8702138459546922,78,4,33.05747640653039,2608.9478552303303,2.0,1
22966.36077811784,540,1.347934990452396,0.2997273096631958,64,4,32.14872531113008,2430.3713890945314,4.0,0
37529.5193665166,2190,1.8610106146529408,0.329553799159906,73,5,32.80930174616455,5728.606996753826,2.0,0
44603.7202165875,1920,1.4972296132272525,0.6636608587907216,57,4,42.73342570853956,5863.613455588076,4.0,1
37756.813225024,1680,1.36718319973762,0.147778719898824,88,1,32.94818623015684,3794.849522703502,2.0,0
7682.477089930829,1320,1.6032832247731823,0.920143052410922,19,3,41.47729828275696,1048.4686499380618,2.0,0
19409.557873094946,1140,1.3547195573162811,0.3602083132152282,86,2,62.90480958374526,2250.787952293345,1.0,0
63503.74628004678,210,1.8354076205033365,0.1001874514675069,6,0,48.45349644118031,10033.904108988632,4.0,1
48362.76948516674,600,0.9713351530642096,0.1729371648714351,10,3,34.08771761398591,3672.327062694396,4.0,0
49212.45518486917,2250,1.9180184204950868,0.9234186152473834,86,2,52.41456706596734,8269.956721481272,4.0,0
50759.93926832459,960,1.7246286622214304,0.2446480954853297,18,2,33.10309552374138,6579.762005642115,0.0,0
57573.371899405385,1800,1.7828800342378437,0.6556461157929735,92,0,18.0,7936.491500100175,2.0,1
5770.973406526379,1800,1.3294893988452854,0.1546035713028824,15,3,25.902964268991152,697.2930495755878,4.0,0
28445.71629254701,900,1.7546418592051167,0.1921606754252899,17,3,18.0,4397.640254047812,0.0,1
41155.26649173338,630,1.1181289002926462,0.8704458367109777,111,0,33.78183819150429,3387.22269706036,1.0,0
26376.551522353464,1770,1.6643378142770102,0.1465528879015362,21,3,38.22102055027462,3437.367921627176,4.0,1
63569.19718660821,390,0.9185401900668272,0.0185630808689163,109,1,58.1172477473034,4532.384170059637,4.0,0
36969.079381166106,1320,1.1184622991550104,0.4962208576310135,41,0,41.923128485169954,3256.173737299816,0.0,0
57994.12782526437,2250,1.2848791960316794,0.8540995451303053,95,2,35.37079365429363,5833.406756650913,2.0,0
64123.14049076592,1830,1.1367836617721063,0.3227311349614685,112,2,47.95286697420187,5436.72616227881,1.0,1
38602.17399340711,1950,1.2144205387490203,0.1268806479392534,14,5,18.0,3868.1093035800905,4.0,1
68352.08992454421,360,1.7341256937404377,0.9724085212699816,39,0,40.8273746973028,10429.316113539724,2.0,1
44653.60962946808,630,1.058011070570601,0.6699712431945192,68,2,47.2503823266436,4037.849811246309,1.0,0
63995.16096427855,810,1.6443374065854868,0.8421837256286748,103,4,20.256965050641902,9132.960876566902,3.0,1
26533.42347597704,840,0.8384544829339822,0.7446168896056344,22,1,51.72504851848315,1667.5582687766048,3.0,1
38163.04645206416,630,1.6688869290180728,0.6912598512492982,22,5,42.06195688993297,5882.591261778653,1.0,0
40558.71151383646,2430,1.7004278913957276,0.380718426459611,44,4,33.01654503319038,6214.160129791631,0.0,1
9216.009118361188,540,1.2320385306029784,0.321096593271603,24,5,45.59338239327542,1015.4893558986312,1.0,0
30793.60924256324,1830,1.6169733878009644,0.7097890099355293,32,5,65.24831429365275,4471.013632652802,1.0,0
68924.3189325482,1530,1.848166084494119,0.7095458780954579,15,0,40.18239506070194,11717.703401432233,0.0,0
47866.16966680856,1590,1.710855568265432,0.9410825002086024,99,2,40.978647035604034,6896.822915772741,0.0,0
14546.73380911711,660,1.218535812476352,0.562973219669839,95,4,32.48766920551707,1370.888691181465,2.0,0
26405.889217305965,870,1.3310562171360774,0.2916748947297968,17,0,27.801867566422494,3011.0704756639675,2.0,0
15582.821210208438,1590,1.6852290537429666,0.4846335113371726,64,2,47.96402979853095,2315.9496405458067,0.0,0
3324.5001871950817,870,1.1011135078189482,0.6075766785586599,77,4,27.726994089093598,322.4729945077282,3.0,1
69668.34370004597,1800,1.7146592883706482,0.4224625015811433,75,4,38.85879484663271,10006.034310237612,3.0,0
34443.238626880055,270,1.1436853710731294,0.7832217921259528,118,2,32.2681106388186,2942.6982274793604,1.0,1
24103.827822927786,330,1.7171886988626457,0.5787670800936794,76,5,43.7477579089567,3342.540236190426,4.0,0
45488.07357949364,1860,0.8541605320208681,0.009341370351374,82,4,42.00394526344338,3564.813395891765,1.0,0
2037.6125375366487,1620,0.8032767562927081,0.5641414893496884,3,0,50.45047933109479,139.16169589621973,1.0,0
21934.62483515981,270,1.9472105368437864,0.6272677480824423,9,1,31.879803213743035,3592.021884280764,4.0,0
53172.959728868605,2280,1.793348547881627,0.90610863902863,74,5,34.761500776479544,7505.639129004631,0.0,1
48082.07832059083,180,1.8094170041594448,0.4095844569275466,108,0,26.254835410612312,7021.143901644599,3.0,0
73662.73714437635,2400,1.891535937127941,0.5687229826786447,47,0,32.66848087908666,12713.026141071558,1.0,0
47096.29165986624,1860,1.2759795712973854,0.4702474762072302,77,2,42.52760591653823,5207.893798238092,4.0,0
36596.68171163836,2490,1.0942026656161827,0.5263398641841965,25,5,47.083863399744224,3567.1791517811776,2.0,1
57465.29339402456,2400,0.9060299940214837,0.0666310299623064,54,4,26.93401610986849,4291.232919747544,1.0,1
67894.5985893579,900,1.3514509602461575,0.8883108308577705,90,0,48.43527104126792,7885.371556578382,3.0,0
54471.15208379884,1950,1.0140579845719293,0.9013082164333094,79,2,54.26765430565941,4325.105335726144,0.0,1
72296.0249308794,660,1.872661028087184,0.5425790137442064,13,5,42.96121883868441,11838.492551704569,1.0,1
58977.380049256026,1260,0.7548037949313349,0.5509899605637361,105,1,60.52154975069679,3645.237368589207,1.0,0
65209.9057122516,720,0.921836085291746,0.0569804755845149,111,3,28.71452961075713,4940.32863333355,4.0,0
9886.649231997331,1290,1.045771023700112,0.5919710079885592,57,2,23.064143560262995,892.4749891785275,2.0,0
55332.3924700434,2220,0.988748053911834,0.4248602719803708,40,4,18.0,5036.526084935867,2.0,0
33846.519415261595,1200,1.0209341238956524,0.7019531939320929,63,4,55.9525317378702,2578.273092173468,0.0,1
42153.12947722873,390,1.5372571260734142,0.0466536674296166,96,4,45.85238787624869,5820.885082233812,3.0,0
49576.52709695322,930,1.143014493975779,0.7037788059021949,54,0,37.33298394907454,4486.924851662116,0.0,0
72781.41107785935,2010,1.488029258284048,0.2840248855939907,3,2,41.359623515837846,8903.60099220827,1.0,1
73866.48898522441,1380,1.8183095203755493,0.6451882771485768,8,4,24.494131432419483,9908.42146667566,1.0,1
22684.77604336104,1470,1.4730681186308423,0.6208547155590017,97,2,67.34902375540192,2651.719268523962,2.0,1
55430.88206168684,1170,1.5834393495436578,0.2245730697859102,94,4,39.55065418370273,7318.905612116494,3.0,0
56623.790038242245,840,1.188603957865629,0.436047821764104,92,3,39.31273753525871,5011.189133435089,4.0,1
26967.225306509088,1560,0.941686161147251,0.8272769264627913,15,2,46.7091994867843,2111.699487297262,3.0,1
10604.428452520244,1650,1.1347008749398872,0.5995357271588262,20,0,43.77211078084056,1105.5250524658031,1.0,0
4509.601581000403,2280,1.9071391784449296,0.0680509189586273,47,5,40.68660829134958,648.8273324342484,4.0,0
58634.71987339462,1620,1.4961736613437644,0.4384797430076214,27,4,28.514306534656257,7774.619287810334,3.0,1
37492.93102354258,2490,1.0830133433208182,0.3086537441901378,46,5,43.65762028563195,3310.42195482999,3.0,0
73937.20245787708,2100,1.2910983205945246,0.6352292221225164,67,1,60.5842939577004,8251.274763586795,4.0,0
35675.5490302335,360,1.7526156449171932,0.6084183018823082,33,1,54.14504055385973,4910.633794100327,1.0,0
73376.89796192726,1080,1.552132284846928,0.0102941204950391,14,1,57.11823951967276,8715.27472414906,3.0,0
31750.8361612634,1080,1.4227834088750018,0.6016185543242784,48,0,31.86541188282578,3457.7778491873423,4.0,0
59835.63806615798,180,1.8121954519606087,0.7275011574450874,86,1,26.124742156897028,8104.691510080449,1.0,0
7734.216514919656,600,1.5569274866601484,0.7610427320775597,74,1,36.49055695880422,927.7614341112992,4.0,0
42326.43569512565,1950,1.5212756769493143,0.0583860126860615,38,5,38.668698947464335,5577.3303986157935,4.0,0
60451.39434345073,990,0.9777217646529216,0.3006218329387702,37,1,51.13029822165139,5376.580750366547,3.0,0
69465.57254066181,510,0.8776664196148893,0.4170608249460086,70,3,18.0,5463.663146623837,1.0,0
61959.85716038122,840,1.908170540468879,0.1779739907169626,20,3,56.35460383352736,10290.266337080831,3.0,0
4217.348449286305,810,1.4686300441204232,0.4165265324533597,100,2,36.10390521705213,467.8861646045376,0.0,0
28893.62208604496,570,1.2488200909757148,0.0704182404673364,104,5,32.87742716063096,2854.77659684638,0.0,0
5079.337715068068,390,1.4568249850922612,0.112085110176981,3,0,25.85474749687799,588.4947097897395,1.0,0
9532.248396920011,1950,0.8241743532860585,0.6620078152149852,116,5,18.14171993761077,615.3982834176036,4.0,1
51134.96370706008,2100,1.736552728684928,0.2599467365485534,2,4,47.878047007542975,7426.529682766893,3.0,1
53924.47742890981,1320,1.0099746426772032,0.7042917890047767,55,1,38.87981560626085,4577.256458193806,3.0,0
58368.470182244535,1620,1.7154552075815364,0.0476274427365013,80,4,22.520469203107357,8057.445502759295,1.0,0
65111.05628209122,2310,1.3912541319163327,0.5570760225130679,39,2,22.45905473523661,7283.942325543185,1.0,1
55848.21293302348,2130,1.081886416388283,0.3875341769509718,24,5,33.97058360851846,5432.154514201834,0.0,1
60364.06201983745,240,0.7862519378904845,0.7890016779963106,5,0,58.02825830347271,4229.718039853732,2.0,1
5098.832672011024,2400,1.729000026391927,0.7761120644035062,87,0,34.884903783636744,700.7678340247754,1.0,0
18738.33355743545,330,0.961752169763168,0.3718040460329331,4,3,19.962284562582724,1650.9456155275373,2.0,1
47209.48634308056,240,0.8121661387678482,0.6164868739468372,58,5,35.05108323096867,3542.3983671123237,1.0,0
64572.2098899245,1110,1.657053276991057,0.2252733801312932,47,0,34.727317163027955,8545.863120444024,4.0,0
1830.759183064945,1920,1.1700518668475746,0.574602767818616,116,4,18.0,172.27025589417605,4.0,0
39325.25664555171,360,1.21720080670998,0.0804520470080472,111,5,37.348461601786255,3994.288279896232,0.0,0
51280.62385328319,840,1.0464811047368627,0.4302582412774239,98,2,35.22878563749586,4945.464936379024,0.0,1
3676.1357509530712,780,1.7810141744362764,0.180900404722728,87,5,46.35447637776102,594.8813038999185,2.0,0
30999.63348017401,1080,1.1067954313278383,0.8745473702706075,65,4,60.18747313934414,2586.467852958744,1.0,0
67329.16378170172,2460,1.0022310837012287,0.4404518097871635,41,1,51.51878035457309,5478.512471383687,3.0,1
50863.54145090561,930,1.1210996716033872,0.5848660111511594,19,5,34.77333571334204,4812.792781495419,0.0,1
18967.889707003906,660,0.9937794902008764,0.3567780417267103,116,4,24.721689095099958,1572.005916139884,3.0,0
64179.41302794558,450,1.131186264966249,0.2858536248874048,46,0,68.88031763899832,5605.401966112154,3.0,0
27080.309620599302,630,0.8495234674418076,0.2008905852309182,51,3,38.71062120817386,2082.207380024502,1.0,0
64220.83332908837,480,0.94023603494335,0.9027528668403494,16,3,38.16715150295536,5245.578532724489,2.0,1
23472.358357239555,1500,1.2504634600753777,0.7914711246026831,33,4,37.71049895467996,2644.3050510194603,1.0,1
44888.53843991145,1140,1.805360226707852,0.1319285329867205,76,4,40.37701712921426,7334.816842216123,0.0,0
30675.094979465804,1320,0.8187488960667431,0.7392576275288802,51,2,36.26767505691269,2217.683485402322,3.0,1
21699.641230497426,2100,1.0052096481120367,0.4143454692662867,70,1,31.11605591743717,1791.2044558005175,1.0,0
66661.98081963239,1530,1.840014810649916,0.0152426884109641,25,1,31.437692705115296,10492.777160534692,1.0,0
15288.135622552612,540,1.818017608991906,0.5230836471724598,9,0,37.60696075740802,2127.378225115293,1.0,0
7733.651955828587,1050,1.565340999955129,0.1287459756840174,106,3,31.47890274639482,1050.8592163505937,0.0,0
26631.629983106035,900,1.0385682649142856,0.2078349699626587,51,5,29.44585060787403,2127.4679640335394,2.0,1
54246.477351655216,2100,1.2537726732669427,0.6890805518098521,43,0,39.27716273230276,5931.550147533806,1.0,0
60846.22303925671,870,1.003465193325558,0.2545706167697841,34,4,34.940273390949734,4757.890049640887,0.0,0
74907.63769990721,480,0.904306210950244,0.8829693198233984,78,3,56.04791586299226,5126.816271057202,3.0,0
23282.611190320626,1890,1.2059980734166698,0.6505980608399282,67,1,18.0,2151.930594977626,4.0,0
31483.73340814924,1170,1.4409859260844202,0.8239606500617009,46,1,51.09808222306954,3328.7661296030387,0.0,0
11556.363935177533,390,1.1819192105577665,0.6090376429468822,111,1,52.95302230997154,1197.9779711607664,4.0,0
43753.086827292966,1770,1.4829894605591636,0.8601610951117957,108,4,18.0,5708.702431459169,1.0,0
74822.13273882441,660,1.1055056824551666,0.3580678282719287,23,1,33.88774887103581,6917.729036594996,1.0,0
53014.7542438684,2190,1.1650206333129485,0.543649171116724,77,4,33.5427096080505,4728.633313574042,0.0,1
45248.14377038283,2100,1.6988083099735314,0.5107314964398902,116,2,21.109859663386143,5765.433961240456,4.0,0
30339.12832975186,1020,1.8039776770726297,0.8947528009971908,58,0,28.6661997489095,4034.553742992834,1.0,1
68774.45888098828,1470,1.1364408978372624,0.1632662545225274,3,0,24.67308985441005,5990.685849580012,3.0,1
38023.369815580685,1500,1.4358189616143315,0.5722801555548255,15,2,59.02724532108347,4976.328901419451,2.0,0
11375.96812851002,1680,1.0837947406707216,0.7468868822847106,80,2,49.228140717769534,963.7015816365778,2.0,0
28355.31704513631,330,0.814001570048913,0.3663492629283237,108,4,53.25866113992991,1856.1673184061508,1.0,0
6436.750160310867,930,1.6354286176324897,0.8589057093698166,15,2,46.66006476851882,794.1477765027087,4.0,0
16345.459270125444,570,0.9552041798833804,0.3692846194069567,65,0,24.45137874539325,1214.4073985918117,1.0,1
2798.655403493547,1800,1.2608550284963007,0.1715756722969569,59,1,31.70575680464272,295.4149825834804,4.0,0
34816.07386276201,330,1.3344545920549882,0.5782078718509814,34,3,43.87249473473501,3971.8306088634345,3.0,0
48138.70947395709,1380,0.9713659010149271,0.4163623299369393,75,2,23.334466293296657,3658.5436935511416,4.0,1
26731.99598484972,1860,0.8634664207960755,0.0150382036351845,105,4,46.555981162068655,1719.344948395817,1.0,1
32398.060205637867,2370,1.1676156176052848,0.0691402065685681,28,5,35.11609522210238,3069.9322020553727,3.0,0
72001.88155407633,840,1.892743089060382,0.1933244084045241,6,2,33.50215030940483,10632.29436241698,0.0,0
56769.28943575629,180,1.4881627079861055,0.7616366599229708,43,3,46.5315196184419,6566.309054965181,2.0,1
41252.96281545392,1860,1.207692274083483,0.8831191208734108,37,4,43.33115973783248,4609.955804309025,1.0,1
22413.75432071916,180,0.7966929849290579,0.5401844652740803,87,1,33.66840601017104,1529.6086811304986,1.0,0
67429.26470981515,330,1.470327937669298,0.1045098078889822,64,3,51.91195764037098,8374.70978294635,1.0,1
18779.63809072848,2490,0.8607091691224471,0.5290747627194275,2,1,25.027240068801238,1319.7559925422925,3.0,0
25412.690692975764,2190,1.4010528852570316,0.8470494059909756,40,3,45.39122728333116,2916.445571623924,0.0,1
68316.26386008672,1830,1.6523406099260916,0.7419828528313638,88,4,45.11721509562061,9499.159982319245,4.0,1
40421.34106345282,2130,1.2583024179537436,0.2881871820604012,57,0,34.28544272823212,4438.339922089496,0.0,1
56060.36928222128,330,1.1092937937798293,0.1226517031954742,67,1,41.913596266905415,5433.7038593820025,3.0,0
44919.74237103681,360,0.8068610805811183,0.8916748827646206,31,0,22.986637083376365,2782.3501889505374,1.0,1
49527.781862197895,870,0.7797334501939162,0.8455478591658889,38,0,49.08832423048281,3218.292772238388,2.0,1
23504.67192633968,210,1.2660318835746254,0.0531782114937735,15,0,35.78117436268413,2427.4069106647858,1.0,0
19240.846529559723,2250,1.8100143248435607,0.8154377449263186,9,4,31.727323753771525,3160.264969475339,4.0,1
25203.18751689689,300,1.0428753345518285,0.0962405114070901,4,5,50.58811071004267,2259.398944920001,2.0,1
12924.954960131552,1440,1.4388666069381857,0.0626507970680166,74,2,29.54787571348689,1561.863589136211,1.0,0
65762.10584887434,2160,1.571166983615714,0.7510148881747969,18,5,21.098464443637283,7815.497283461435,2.0,1
22318.649593883383,1890,0.8229958410016337,0.5309475157057084,68,4,19.320449917713155,1569.4871135519838,0.0,1
42769.47048945727,720,0.9337204509640524,0.4104025438494157,114,4,45.27211941614768,3022.1569382080725,3.0,1
59710.12024789099,1260,1.1475321521034805,0.8948235740162617,83,4,22.6348477700446,5486.850458830374,1.0,0
59111.072039114944,1440,1.5541118089782846,0.8309105363470762,69,1,59.057530183812375,6999.226596924619,4.0,0
33721.39000593818,1950,1.2768421346737162,0.057047236831586,14,3,18.0,3753.476183925976,0.0,0
36504.91218112434,1170,1.6310340818618942,0.6099263695217606,58,3,58.35747641948046,4611.930236374096,1.0,0
74610.57854672433,840,1.791117438687831,0.7645447291753836,106,3,40.53220960643142,10847.328745815492,0.0,0
51082.91455795827,2040,1.6600467319182517,0.5449856739772025,46,4,36.83944265755529,7737.733404330478,4.0,1
61375.92556916438,2250,1.940696648775899,0.9731754440854264,99,0,31.4609709582926,9221.61476966368,1.0,0
67837.71673761355,1320,1.6552332824779796,0.6791870296010728,85,4,42.78963337222485,9374.798728772734,4.0,0
59387.85296285643,240,1.7726150340089406,0.103101582570055,32,4,37.54838357090182,8602.68173087434,2.0,1
15110.681854087215,1350,1.7488396301580011,0.1963150318799539,16,0,51.23962258419826,1947.4973220141007,4.0,0
42819.54892971156,2250,1.6263189147360555,0.8179831649874674,2,2,39.37073178394448,6210.930071299455,2.0,1
8989.220562619048,2490,1.7121621799870683,0.986789106412857,33,5,39.80362113754253,1149.927303838033,1.0,1
49489.77630245388,1110,1.871619873440892,0.0973558742036658,39,0,33.63665345343373,7671.14429128706,2.0,0
71718.18297180411,510,1.3202488542315511,0.0993260246665979,78,0,37.3166525153472,8005.394925325,1.0,1
39185.80672605818,1500,1.515944428695052,0.7557531836018506,68,4,41.69362122670471,5102.871750012623,1.0,0
33323.478225780884,2100,1.3679276658873272,0.0637107388993741,57,1,18.0,3970.64773950764,3.0,0
4134.442229234994,2370,1.7712443846304875,0.0678745149041989,86,4,21.821774934731444,574.122707597147,1.0,0
72043.42739119769,300,1.2676315234458089,0.879928318179566,92,5,46.91916912827258,6715.357578359369,2.0,1
9070.697283566671,840,1.733672125373679,0.7924453141952664,85,2,40.0503852575353,1380.7437001903347,3.0,0
4519.31335790625,1290,1.7092254900685666,0.8727475678657384,107,2,35.79219996376785,649.2190720265604,3.0,0
19585.895945612978,390,1.9042633216423088,0.6440082681114261,43,2,38.22120719678472,3358.780250705692,1.0,0
6316.486893001108,2250,1.0487048391089024,0.3193110577194699,98,2,42.170980464340055,594.5892325488027,4.0,0
34951.161417264535,420,1.601543411863095,0.8972500584294631,50,2,31.52288383628766,5049.009345948372,4.0,0
39432.45339239776,1710,1.6583033971769834,0.2957362897246874,22,3,28.660343295172247,5429.754125037465,3.0,0
24473.89125360092,2310,1.8735341913655987,0.2727557310603008,17,5,40.350143061172176,3668.484352835014,1.0,1
5245.595469254125,1770,1.838282901666637,0.8775364150008436,10,5,26.25952666861961,859.8033028939936,4.0,0
9702.627066318162,1950,1.438231034050138,0.6740143665682757,114,5,42.89903306857366,1149.2915042854804,1.0,0
29761.071782259714,780,1.4449838230367755,0.8867153638621503,20,0,18.0,3311.422212214594,1.0,1
5948.841135750406,2100,0.9507494740850752,0.1543422763614326,100,1,50.34986764790772,511.47511509606153,3.0,1
52816.94483232864,1140,1.9199552429085247,0.9427738297879752,94,4,43.67116978895652,9226.39281786435,3.0,0
16716.00980207368,300,1.0560209552441122,0.6066147351333238,52,3,41.07235681176651,1459.1437418767523,0.0,1
23702.26030559743,1020,1.6196834621415506,0.6613546936524933,109,2,49.79229180734617,2873.4008204415877,4.0,0
30468.24462259017,990,1.704954005766375,0.9049199745231872,108,1,57.98569333355092,4212.371113700343,4.0,0
32120.80803058237,1380,1.2794586055336572,0.3769454449476823,111,0,50.17244078021756,3674.2615808940673,4.0,0
1622.0620140978392,780,1.0034324640348695,0.7123792447489036,59,1,18.0,148.7145936680471,2.0,0
9737.172268404269,1260,0.976752461063624,0.6339372149132392,35,2,22.645076399171582,736.1629778900824,1.0,0
64913.19543495454,1170,1.77779520108191,0.7798751916773006,5,2,30.502177067651854,8617.41853848001,3.0,1
1590.630094625248,930,1.3629077840982178,0.8879733639149742,100,3,38.313092602530006,197.01787093793345,4.0,0
38850.30065224632,1800,0.8581643784459201,0.6732602468757937,104,1,44.21190824562947,2704.5840129032485,0.0,0
37478.3974782798,870,1.6104233673154664,0.0669631589580337,64,1,29.29107424215841,5080.084490287905,4.0,0
25982.42083428188,1950,1.0502052633660357,0.1813089423912824,8,5,40.24120117372494,2529.3473267782265,1.0,0
33202.53598076405,750,1.801673700901055,0.9444384004444132,98,2,28.93540481176013,4466.448185888564,1.0,0
58872.71360820395,2190,1.1214861432359702,0.958963968643454,35,1,30.66178636409662,5697.931439214238,3.0,1
63328.4724067993,1020,0.9903249961081716,0.9577391805613787,65,3,21.120066837821334,4692.107978810357,2.0,1
20635.61794102088,270,0.8518301322659212,0.0364314063961168,79,3,26.921201046669147,1421.0565173182197,3.0,0
25203.047411128144,510,1.3638373639651769,0.3786236862699241,17,3,21.779784732604,3073.264294946624,4.0,0
19322.489697582456,2040,1.2908851053819448,0.752075976948116,7,1,26.289520964272008,2045.4046519423475,0.0,1
36769.959940503286,2220,1.6515745735237717,0.7453569456212525,9,4,50.64370155929407,5664.555332449581,3.0,1
51719.48928792275,660,1.3075231046316436,0.0850498159004589,115,1,26.607213334016684,5715.245939953808,2.0,0
18276.58634656141,1560,1.1625791627092452,0.6033939982186238,114,5,69.5885847780487,1694.666016453628,3.0,0
25809.0770410327,1500,1.0639858987595328,0.1414409223554488,51,2,43.91981481057067,2134.6568773476806,1.0,0
69883.26939280255,480,1.0837760945639654,0.4882772395391154,51,2,40.21803348433848,6085.059763765247,4.0,1
5069.842803751419,1230,1.8634174821933769,0.2372888438327103,48,2,27.69970663782544,763.1853169730518,4.0,0
35366.565985108115,1800,0.9480943225053748,0.0526295600173803,42,2,46.4037185529079,2505.0088444906687,4.0,1
53799.51605736317,2430,1.93581170946858,0.0792192312713434,65,3,31.092346085146712,8407.145283191017,4.0,0
12558.369849474344,2160,1.1423033462306698,0.9017840202326092,42,2,39.464117775744334,1185.195355177045,4.0,1
4981.990470402916,390,0.856068282500997,0.7371995045595187,73,0,68.72101445922553,374.4095272707362,4.0,0
11658.09481543201,720,1.0484284569454378,0.922505741955221,45,3,36.8472812033042,1056.8696114757654,0.0,1
69033.5047245052,1200,0.8200972554655425,0.4652900330102171,75,1,51.791279915428106,4954.230940036402,2.0,1
2180.593963852571,510,1.698035722996699,0.4091595739632762,113,0,29.56188289848935,272.1526413730842,4.0,0
15341.665148634358,1500,1.3650634950493266,0.3548232195770746,24,5,37.58013811403646,1626.941441288821,2.0,1
3799.338198270874,180,1.1543839426401612,0.6101440250915691,7,1,59.24960762762612,379.673856998311,4.0,0
9631.26586582194,420,1.5444595255578748,0.3480437931016202,63,3,30.47639530654679,1234.8284973838167,3.0,0
47080.97256717978,270,1.5067758311403845,0.7388105016421861,14,1,59.74938269596315,5209.840057917912,4.0,1
19260.459792322803,870,1.8778465070731083,0.7933041529537035,27,2,46.493023225465706,3234.275979715969,1.0,0
43337.08570665475,1950,1.903512620098056,0.8670861474950872,94,2,31.25039868926879,7324.486705514264,0.0,0
44879.36063331027,570,1.5668205307984864,0.2403729209428245,50,0,45.58889286866625,5927.91998487829,3.0,0
63933.49698209876,2490,1.731379112693002,0.5217518287994516,65,5,49.67065339552076,8264.636219868122,3.0,1
1848.492379022733,810,1.7009101204022143,0.2212101705625404,93,1,45.46171954660636,278.76905230622623,1.0,0
64222.65526166395,270,1.3395642392398797,0.0371802651861377,15,3,19.15730336131452,7313.235917241166,4.0,1
47005.25285238259,960,1.5953499456401,0.7007470511281393,57,3,29.274353890101576,6672.034900017425,0.0,1
13461.646228714382,1920,0.8439108092202843,0.5434914611957734,4,2,35.02977637338194,1003.9014723240778,3.0,0
58310.898027943374,420,1.6596252997803682,0.7166880067575528,59,3,37.10679885079944,8650.976049468034,0.0,0
64378.62832160805,330,1.904199608630841,0.0867466822924717,26,3,45.44806517060813,10259.965328209168,3.0,0
20188.36605593056,2160,0.8519697037508861,0.9855709172713224,109,0,40.13241201119904,1309.5955451277302,4.0,1
69031.33554634705,1560,1.7533389415102254,0.9844050812775617,31,4,21.975867695478783,10500.599421156909,3.0,1
34902.62112695135,960,1.8695760319791253,0.4603498272484775,24,0,42.56237421207156,5594.984427643546,3.0,0
45851.697393499126,1920,1.0214266677624746,0.8573981280319977,1,2,45.32702894340588,4129.759965081334,2.0,1
73871.7407208968,2130,1.3797734251310445,0.2411328702475012,15,2,44.71748537517248,7820.899473611806,4.0,1
28072.90177998115,1020,1.863429870555586,0.730190499611064,25,2,50.96936870665546,4040.19520661424,1.0,0
61267.211917778295,1470,1.9022712054275608,0.8704335982454301,27,0,48.00706585458685,10622.257768462505,1.0,1
24902.335160391784,180,0.9034588612227796,0.8065196034199708,88,4,43.51016095074124,1987.334134065591,4.0,0
60242.19388474959,870,1.1688050706665407,0.8036563374587459,106,2,37.15801146249623,6442.493778662914,1.0,1
45653.94303640422,1560,1.587773569381028,0.4583963657679764,102,0,18.0684687978081,6415.752773699124,4.0,0
17402.143599067007,630,1.0158701992631165,0.811790048300985,114,0,43.15541862959103,1507.544107135557,1.0,0
31930.917893508875,2490,1.1397247543613769,0.6837977648910875,107,3,40.49225224595733,3144.8901778547984,2.0,1
24846.219125721786,2430,0.7779492720056319,0.1311268841627623,54,3,41.25894604634448,1761.188009569746,1.0,1
7240.966891406745,780,0.9342260171174388,0.1130425600238749,46,3,22.67901709015629,574.3870520940504,3.0,1
3692.855602327765,1080,1.4247953933012925,0.7642029145752934,77,4,25.02732151510085,452.3953451210444,4.0,0
26966.1811724278,600,1.5337080795650193,0.6192094478851946,38,4,50.637834239994845,3162.370391474957,0.0,0
2899.009864585264,1350,1.5286941973150043,0.5141823560194637,72,5,37.52533815372014,366.9968301502038,0.0,1
13663.350182260465,450,1.68403256493386,0.8981891729403398,119,5,46.178008368471495,2017.0444567232037,4.0,0
54800.97408253886,1080,1.2483376964865498,0.6529944533025064,23,5,38.339820513565535,5387.446721360076,2.0,1
53544.70582274371,1470,1.0781888594893867,0.3921852776374172,92,4,38.35707367394894,4467.157012424972,1.0,1
55785.65840461763,1590,0.76869684005103,0.409792490094422,112,2,49.25940567171197,3413.851069494444,2.0,1
24810.75807805344,1560,0.9979557912628644,0.5991919172094091,64,3,31.80746326139151,1935.3275481517824,0.0,0
66916.43009815062,690,1.1248653746424446,0.7526725318394849,42,3,39.1534493232918,5843.48282264206,4.0,0
45146.5452800909,2010,0.9638482277765588,0.5587097738796328,30,1,32.45269653553949,3560.800035335111,4.0,0
10762.936118377049,1770,0.7741733657959227,0.5036732733969879,20,4,32.78604527081221,762.3301705171516,2.0,1
12063.32161698176,1920,0.93893713039823,0.71963169562764,38,3,34.28993451837633,945.4909652731492,2.0,0
52442.51387933306,1260,1.5493194642810868,0.698211904407966,89,3,40.66560525960456,6263.719949394608,1.0,0
14211.379328492738,2250,1.505502499767115,0.8220433722074254,61,5,32.25501654003827,1601.9228428240403,3.0,1
38786.01356628018,1080,1.8728203672776509,0.0619262684145214,26,4,53.06907350688225,6338.242332103371,3.0,0
74395.42398076024,2040,1.7078019496767711,0.7474026107611591,65,5,27.264712373365956,10289.906291930572,1.0,0
1794.5589479004532,630,1.4313073402094294,0.508622846442173,97,5,35.75754027006369,230.5799928600429,3.0,0
2718.6154394704336,750,0.9150676169918536,0.0739461888328203,1,4,32.7232273007099,215.2460988386923,0.0,0
74491.71677189223,1410,1.4268861827101884,0.6722199278878245,2,1,55.3637346122448,9487.3573092615,3.0,1
44470.95430886117,1470,0.8239140730970169,0.7093747920619233,115,1,40.358657318138896,2886.234698029743,1.0,1
10827.883200610717,1920,1.2670618768930233,0.5183908978492376,89,1,50.38213447362362,1196.0815760450366,3.0,0
67451.71168192588,870,1.2183103547366343,0.7858609878732652,69,4,20.17327552355633,6460.319106030435,4.0,1
66207.95205938537,2220,1.26337657123553,0.2972456275430085,108,5,41.20460319043111,7704.987334386918,2.0,1
40910.73036368608,930,1.0857911020737443,0.1998881463461217,70,5,48.675569547481246,3822.865211924283,0.0,1
47201.714194765605,1410,1.5729965371485886,0.3472266122258457,62,4,38.98740787130509,5926.750990728187,4.0,0
21579.25857531441,2340,1.759133360758535,0.4059500081630177,25,4,50.78576450078421,2988.40921895593,4.0,0
5213.197683342379,1440,1.672220391118773,0.6889742663781472,97,5,31.79253859879553,672.580292090688,1.0,0
45200.71925347853,1770,1.5033025149490564,0.8370647384994454,91,4,54.91216928222696,5927.048022424836,2.0,0
23164.50670040308,2280,1.396013759199616,0.7137090081778897,35,0,65.586777483431,2512.90751809254,2.0,0
50276.14692953587,2460,0.7873010160096364,0.1722476834789054,88,3,33.64593727472409,3373.9852204225967,0.0,1
62964.02049793119,1320,1.6175207984303053,0.3625549139522548,87,2,32.653969743190736,8007.716594492948,1.0,0
2834.7999777057585,1140,1.4039795274941969,0.1568295763133002,11,3,55.44061372541241,344.5594927799095,0.0,1
45284.962439400966,630,1.0748892607966642,0.6798569575624708,19,3,56.95486574876855,4362.962122368317,3.0,0
18499.11966698364,1410,1.14341044662413,0.2456901594347252,71,1,31.72567967416078,1880.2901708959444,4.0,0
65730.8045959294,2310,1.8727281437636896,0.5201330635233283,74,1,32.95775819484972,10900.188704597063,0.0,1
20144.341232294395,1290,1.4992346941406725,0.7839115447627375,78,0,34.61858469367391,2328.1354313357724,4.0,0
46391.60479280324,990,1.321094921589034,0.664229882172399,44,1,21.86659386758868,4602.770549213279,1.0,0
42185.25174658645,420,1.4951060876500892,0.2953902507584813,100,4,26.97617664218962,5506.911953655863,3.0,0
30618.237754354795,1080,1.2464907899827884,0.3295380831101774,53,3,25.950310798975185,3079.954450314376,1.0,0
51305.12612458487,720,1.3142187278436197,0.6468306437370015,24,5,28.78642921875046,5527.6137856109535,3.0,0
54844.06815158439,2460,1.0983711080492045,0.5439730718465446,13,5,37.583781351358624,4455.064817583595,3.0,1
43169.92795597493,1410,1.2778239607099735,0.0954295525953439,105,5,40.81057679043825,4331.7116076787615,4.0,1
57244.03443307943,480,1.5727106789254923,0.8652516733808107,84,1,56.606005913768925,6662.712236249688,1.0,1
73781.15508548092,330,0.797930310103763,0.5074871155730923,55,2,26.01975151113451,5352.488493948516,1.0,1
32316.52051070917,2160,1.7040328887553855,0.4686274030654907,25,0,49.81186878171901,4306.419730744063,0.0,0
39321.85431358652,2340,1.0895754490335754,0.1964549432659397,11,0,35.43213386929389,3619.475142127615,1.0,0
2416.536028679173,1950,1.5690717521189996,0.3732238807808319,18,1,37.40643548417081,281.0153230058588,0.0,0
60008.09888881281,450,1.521270377616072,0.3294966136919481,12,1,46.097833905999245,7912.003710686412,2.0,1
39736.909927880544,390,1.5331536589695665,0.2680283260011326,63,0,24.52733574125241,4861.26571806189,2.0,0
31485.16513150154,630,1.4797546995069637,0.5617325089003053,23,5,42.58891695420861,4253.310409264587,2.0,0
8414.289287070591,1920,1.9009222056834416,0.4576526066774792,15,3,39.99742649855667,1457.0674175579486,1.0,1
66889.7469931417,1950,1.3600129952344688,0.8803057084615206,33,3,43.90941516809779,7263.040948254433,1.0,1
30533.032142980897,2130,1.6287829386184218,0.9319305372766892,83,3,41.47002372689381,4543.116011956252,0.0,0
51669.747468377696,390,1.5965391974814933,0.2172786949358099,59,5,67.46360167893073,7692.986584332004,3.0,0
12479.000493059082,510,1.0335210927339964,0.0991043744795384,18,0,30.347120188984206,1158.7155876021288,0.0,0
72173.8977712659,2280,1.0899670070241907,0.7774841759728719,89,2,31.62803653997819,7098.198318737239,2.0,1
14615.469493904571,2340,1.2588205177883616,0.9849127896022228,58,1,30.522313682902823,1440.8317248149249,0.0,1
16166.336478112542,1860,1.083237516555851,0.8549640691556126,22,3,31.334274570076943,1486.196069033093,3.0,0
64635.24025099196,420,1.1900917187159517,0.0234604280975473,82,3,30.351354472321788,5744.405710623894,1.0,0
68574.83169443194,330,1.2191527367139672,0.2487509151994013,119,4,52.26819837329062,6289.6097267418845,0.0,1
17092.834452962656,300,1.4746374731260126,0.0429088542708512,64,3,55.04605097587826,2351.976942050914,2.0,0
36030.36528084985,1770,1.013868051282074,0.8125715832707548,19,1,31.151044475006284,2917.5121961882546,2.0,1
55411.87548536799,2130,1.7151502390520248,0.5755929065293931,37,3,28.011733122749256,8391.720739074332,1.0,0
66059.88143509392,1650,1.2750436281258055,0.5085813557553833,71,5,43.65698667663685,7535.705806078539,0.0,1
29360.37308524193,780,1.5974929340198962,0.5489053831765622,119,3,31.373323468628342,4244.429606224921,3.0,0
39500.932283433045,1950,0.8477309774889814,0.2499267461096252,111,3,45.59518181306613,3123.7869162870106,1.0,0
56016.156173200514,300,1.3139584729492402,0.5956219854474741,111,1,40.4350762502156,5753.043069602587,0.0,1
55238.494283980464,2100,0.783863438612794,0.0303603086793896,99,0,19.811070620033217,3210.2353396661074,4.0,0
59047.56955691724,2250,1.5610919901786775,0.6395516067311312,68,1,56.57006241596074,7517.832336033543,2.0,1
43390.13567015219,1860,1.1624520923964834,0.7270894918770425,77,0,59.55053207714626,3830.079285036865,3.0,0
9189.209615150978,2220,1.8891033769269945,0.6662960010747089,88,2,30.646535714187365,1280.806225220566,3.0,1
67942.03687953594,1530,1.1389490575217032,0.328796343129098,85,5,33.34758128076819,6232.5327655214805,3.0,1
65119.58164009557,1260,1.4265670776212722,0.8180002859762673,76,2,41.43038468869886,8268.625480108545,2.0,1
60160.16153264748,930,1.0588650908335375,0.7083885571463072,16,3,42.0134814798443,5392.7740881176815,0.0,0
8839.892071313618,2310,1.4941351547368082,0.127014349695035,105,5,45.902531272073965,1051.2095835917585,1.0,0
16523.206480485045,1800,1.3104508201598817,0.1931927783329318,1,4,62.1224544651962,1871.24300794848,0.0,0
56154.62683541242,600,1.1947539138067595,0.6307373290464562,51,3,35.87663327007141,5231.330197233193,1.0,1
3200.796951773063,2400,0.994427218896216,0.2865219722204659,52,4,28.420433065538557,234.332549380138,3.0,0
73473.01057748505,300,0.8838256127657463,0.1182386120317745,119,1,21.448169263825672,5754.772104022352,0.0,0
29220.134006142533,1530,0.893854960748008,0.1534193032183932,10,2,29.22883952069697,2241.186639285616,3.0,1
54369.471226275535,600,1.948848021006664,0.1639610087349966,57,2,37.60247632551444,9385.680071705234,4.0,0
66736.4750038712,1710,1.2447728722286815,0.4730129977501984,42,4,59.53469436221345,6156.621589301513,3.0,1
30505.296779031047,1140,0.7523156494480073,0.6013115988952024,11,2,31.788664411565943,2067.202974017468,3.0,0
24956.23791207545,1200,1.893514548751217,0.1746382521058708,26,5,40.68545541966678,4050.880841340696,1.0,0
46242.47297402113,1740,0.7739759090757752,0.7053716442595889,50,1,37.80292524712698,3027.9257736398804,4.0,1
44202.71897048173,1920,1.2523033506654404,0.2782024814265131,109,1,52.26071928137701,4750.895166649096,3.0,0
31571.788355422592,1050,1.610973103164787,0.3084425570100212,46,4,68.32318911048347,4609.152809147859,3.0,0
45730.44455627657,2490,1.8475190932461136,0.2212636348633664,105,4,31.62957472495615,7187.557392712576,4.0,1
70250.53066313737,1320,1.6054635497185212,0.777354074583759,88,4,32.126726689781336,9581.321425700538,4.0,0
35871.558862054844,540,1.3063509058800142,0.9502156946075084,98,1,50.52993052482886,4364.943067487506,0.0,0
15960.550285171405,180,1.919330446780924,0.4875748501913118,102,0,46.182697875515736,2710.0887405857243,1.0,0
29224.639741900784,630,0.7971832596399245,0.0416103350176722,85,1,60.1604879088324,1914.5613857528317,4.0,0
30466.863220594216,1770,1.9342706430456096,0.2579636232612211,88,2,45.00713822391157,5155.372838277938,4.0,0
11136.48893742716,1440,1.7692698620501266,0.1564697882076575,18,2,33.688494910555285,1598.3036738461738,2.0,0
13471.055290759785,960,1.8647160205516309,0.8343346620034977,86,5,45.08785796830771,1957.096417015241,4.0,1
51815.31239443528,1290,1.055726908917044,0.0840054475588731,5,5,51.30444296699489,4664.529714026802,1.0,0
26451.614934354347,2130,0.9209496867411238,0.9568114782815,88,4,47.84578617436837,2238.666052576236,3.0,1
71685.03180140186,1500,1.54597833524724,0.5826286388583798,78,0,44.08728837328757,10186.46710171733,3.0,0
19404.360783857646,300,1.369031325583344,0.5125623892034216,90,0,50.80009627506985,2129.7685260152243,3.0,1
8770.95112520444,270,1.3778015528932557,0.8388771161949949,77,2,52.03154708534807,1013.741945538642,3.0,0
56882.58538051896,1290,1.859543014179861,0.0272721450785415,44,3,54.58590789245032,8204.596723475996,2.0,0
66256.14981596345,1110,1.4940970879839146,0.7693812219129396,44,4,45.78451865107572,9230.708111355323,4.0,0
21941.33173005436,2160,1.1232766021255078,0.1154380051128314,71,1,35.994583036197746,2291.003127623876,3.0,0
16353.47547094263,1530,1.2300798677014513,0.8323703179510278,56,0,39.76056423719987,1736.4907532825237,0.0,0
15153.810913024909,1950,0.9101950021102216,0.5238844570454833,40,1,52.47810759810028,1233.3854397667233,3.0,0
39867.904150438655,1530,0.9807768483308272,0.0605181083364908,58,4,28.196771948153167,3426.674635758965,4.0,0
35928.623131637665,960,0.9220200842514462,0.8249125884133112,64,5,42.424079706474814,2822.296893292911,3.0,1
20568.828229308267,1710,1.7223496094536253,0.0270409759005391,28,5,33.27993425207167,2635.757856816907,2.0,1
4820.22409872284,1620,1.5958481615665423,0.1369869859646674,76,3,38.34493787521781,634.0694474961286,1.0,0
36889.61351398163,1860,1.3864140211330225,0.7898462785883626,37,0,53.341422351287584,4440.809500007095,1.0,1
72010.92755121722,600,1.199241400353085,0.460222412619312,32,5,40.29318881623884,7503.167692849792,4.0,1
49460.161255320745,1680,1.5521931483892204,0.8725748173112854,50,0,38.55723857787378,6202.831713296503,1.0,0
37919.73191220345,840,1.7254864172349131,0.6290749800631726,12,1,21.681726308240968,6030.496507883779,1.0,0
9635.867441176784,2010,1.8074798588060508,0.6172934668267039,72,5,46.95504279232665,1335.5159282786017,0.0,0
20054.067355394665,2040,1.4064194738476004,0.2893127550706947,88,3,45.7458101736929,2350.5719977252243,4.0,0
23165.88529372889,1620,1.733862146183641,0.1323437183162162,114,1,63.95905667966552,3500.546939551629,4.0,0
57713.061116631725,2370,1.3635671440952342,0.9515606669877158,34,3,34.30666118056399,6868.244037924635,1.0,1
65938.24359894951,1410,1.319436107025469,0.1037497122519612,64,0,40.62980393196727,7508.7439342453745,1.0,0
67770.67623713323,210,1.7885182267465205,0.5237204940728319,60,1,40.992604204529066,9556.015252289504,1.0,0
73865.79270643042,1590,1.2136487235175968,0.2698429049264324,87,5,56.92943935716169,6854.191898053911,2.0,1
73703.95120818313,1980,1.2250952148488428,0.2614992569456402,74,1,36.85645361135658,7770.022718964203,3.0,1
71545.43625844663,390,1.1158936143418994,0.5886403571097849,96,5,41.34825830924407,6811.651138513185,2.0,1
6778.927326962002,420,1.37244207395354,0.7899547760070802,102,3,45.29475811659847,715.6436759230393,4.0,0
11627.82489069368,810,1.4038200404273529,0.7694076880029659,13,3,40.2393094778763,1427.2523923073563,0.0,0
23878.289695988416,2130,1.5425533743725484,0.860113672301618,42,4,32.64279662539366,3036.437880631155,3.0,1
42138.02167373792,1410,1.2666027721314848,0.2899737105332434,78,3,40.32907991477969,4626.752741077266,0.0,0
8627.874819852728,2460,1.0114047502603192,0.461093867897923,65,0,50.883580998317264,786.0686134695349,4.0,1
63666.07639845747,2220,1.790210474896651,0.0092412274878247,57,5,25.68181640706728,8745.114553969188,4.0,0
46831.57916218221,1470,1.1652010406856173,0.7393890469050018,20,2,39.59563608976252,4022.562371838704,0.0,1
41363.783569212064,1740,1.857532103808209,0.2993196810208602,68,3,29.59855022072992,6831.774125173262,0.0,1
13650.3822674959,930,0.998823999631747,0.5558785979374846,88,3,52.34055954709811,1166.1071343491476,0.0,1
20114.277368414507,390,1.4220689714834769,0.1676072791992562,4,3,19.721757142594704,2497.8668421549423,4.0,0
13282.933836195967,1110,1.3939381122353427,0.8112055120629852,70,2,31.29293783274094,1668.1884050717929,1.0,0
64117.0870979177,1560,1.7443774175123945,0.809099497085495,108,5,42.52654250077425,9997.7207066961,0.0,1
44440.747714499536,600,0.9166216641009955,0.868678385605426,68,1,56.786288350812086,3770.127566719858,3.0,0
55532.01292269305,690,1.8419246075009537,0.0454776271356556,114,3,37.21099686712415,8597.328044387597,4.0,0
23258.41542388689,210,1.387713806606484,0.9825341226772636,42,3,31.33760567968162,2682.242378852119,2.0,1
28787.06882598837,1890,1.4533312606972395,0.2453016202952976,0,3,60.57388483328708,3404.333726183037,2.0,0
31256.83988535024,2280,1.3621995519573205,0.3063393491868759,81,0,20.623833195005076,3253.267882651637,3.0,0
57361.100423186566,2100,0.7932298882035198,0.2468423718985416,25,2,18.0,3857.784971355542,1.0,1
58267.94459408075,1050,1.3465087941679177,0.264857371382867,1,0,43.28017340063999,6188.287286744155,0.0,0
16700.79427228133,1560,1.0662595952123886,0.5471347425426102,21,3,31.975349307768667,1633.9961890800353,4.0,1
70703.10597025028,2400,1.1612258164533975,0.2374124388607418,112,4,25.74520619443144,6978.459077081339,0.0,1
10368.16730211095,1560,1.528921919024568,0.3898335982864007,93,3,46.50027736759224,1350.4441244181205,4.0,0
67364.97305813683,870,1.347236555368927,0.6490505166187832,33,4,40.92560856525439,7299.715430222449,2.0,0
8879.079955260982,960,0.8618618552009525,0.8276659415419496,71,2,31.23105643115926,569.1433025799421,0.0,0
20943.676119621367,1860,0.8376495297141107,0.6858140852642107,40,1,22.636347215949268,1297.6583430013618,3.0,0
63716.17240099484,1200,0.9727892347408444,0.58837961633945,21,2,48.46948793936173,5070.163103888864,1.0,1
14692.667317437426,2130,0.9790621758866684,0.146251276915658,118,1,45.80241413550393,1079.2320726410933,3.0,0
31897.242951282784,2190,1.479960908365638,0.8079544455258698,97,4,36.809889634647405,4034.767172793736,1.0,0
34564.658545893275,240,0.9633773568546512,0.0369021391131083,43,4,60.15964395257199,3028.619732498465,0.0,0
19526.53451720591,1860,1.8080633079297248,0.261549746602949,42,2,25.15898280408617,3212.4786473485588,0.0,1
53703.02229819501,1020,1.0017127927360958,0.0564883277626415,97,4,19.693697948903136,4654.034007957244,1.0,0
64073.09673106198,1380,0.8593577345116592,0.660754685828618,55,0,29.69710316142507,4270.474547223687,2.0,1
65781.27277938453,780,1.8008952196315762,0.3646873717675793,45,0,37.452967803734026,10732.148004547083,4.0,0
26440.17771163723,1020,1.1043930912920796,0.645527998372818,46,1,40.9200733918723,2658.843732206025,3.0,0
40517.50398015436,930,1.2605071558004828,0.3435606497105544,53,2,35.10516730572404,3946.1964837098953,3.0,1
19757.870684125384,270,1.9008316608149307,0.4511833234914992,62,1,42.22466475817156,3308.036160725989,3.0,0
19492.54286393569,2010,1.8832430629893289,0.453381400064519,4,3,22.98152690971467,2902.3657624165985,0.0,0
13352.173619616422,510,1.6079002671179017,0.0451248471308691,57,4,55.32517524887911,1919.0277707019045,3.0,0
70591.39729435233,1050,0.8327267420790656,0.4259242610825435,52,2,37.01418585928917,5483.19815723679,4.0,1
66767.17890251012,630,1.462008150493677,0.6346537194840506,32,2,51.407549979057535,7216.990979947659,4.0,1
58635.86542958538,540,1.9368935220507093,0.5405917236146794,42,0,42.11270415653245,10366.873834814667,1.0,0
39548.12181464808,1050,1.8862994741087769,0.0745309286155043,50,1,43.48103862984541,6399.597226885265,0.0,0
37559.68179012258,2310,0.8772029910239314,0.6613754258298814,43,4,44.83720736278645,3057.5572481855666,4.0,1
40436.3064644136,2370,1.2251607637084423,0.3057741273661083,109,4,43.37250272020778,4093.745422665144,2.0,1
40937.74899791606,1050,1.1286440950834071,0.0142904547512318,63,0,45.71267311841053,4171.3609945317885,0.0,0
33440.386725280245,1350,0.9056737282858868,0.1540396015134027,60,0,53.94983036158918,2258.772614239263,0.0,0
11183.98021756696,2460,1.5837579734985132,0.4925840607433939,31,4,40.35825403641764,1417.7067062359015,4.0,1
10736.293185837394,720,1.078618037232284,0.307297642439768,109,1,46.508045091062144,864.747874075254,2.0,0
71490.35411465772,2370,1.1638389637503574,0.6874391836160153,2,3,36.92317166855328,7724.606934075545,1.0,1
36929.260829596766,420,0.8584306520417015,0.2382469408101068,66,4,55.28140658539368,2842.736578960946,4.0,1
71560.60608053139,690,1.3475610705343986,0.765068206790417,20,4,29.883292375288764,8715.96299319427,2.0,1
13522.900511693084,960,0.9398014363824678,0.2836124095800401,92,3,59.61128519492979,1170.390723054933,0.0,0
42249.61657493512,240,1.2685085082953869,0.6146550705085715,45,2,37.51810459226788,4021.4472486156137,2.0,1
16767.218121338134,2070,0.9220106665239618,0.7912242164486684,35,4,20.83069877458342,1252.9239591596802,0.0,1
20109.06855030521,2160,1.894619867940175,0.3817005673573114,6,4,39.53725297892947,2848.056881473033,4.0,0
3709.011538946641,1050,0.9239790398365711,0.0463368923973157,94,5,29.82738011030143,265.76488625888175,4.0,0
10243.068339405532,2130,1.3762645846207595,0.530091065848292,47,3,48.08772258786469,1098.460804597436,3.0,0
68888.35796074588,1980,0.986375790382785,0.9854549709290552,31,5,30.168512248371307,5620.500862422032,3.0,1
25132.674873951382,2040,0.8416341641671311,0.9593019477131444,101,4,32.64579880142264,1664.7999600678288,3.0,0
46197.49707572248,2040,0.9927703426105178,0.2188119720047265,2,0,18.0,3455.947898109407,4.0,1
35678.53870121157,1500,0.8157289288685233,0.7481395443300098,56,1,32.57232416901108,2231.7877855452234,1.0,0
30933.166525527955,420,0.9172768597451866,0.3415023135018653,19,4,18.0,2164.3571310730663,4.0,0
40593.62771393601,2340,1.3421809893158605,0.1586697553812605,15,0,18.99316611817132,5055.835232090944,2.0,1
15262.062429227602,1590,1.532178625269089,0.6592555535964683,2,4,47.12497587373157,2069.950806346132,4.0,1
74162.38654118887,2280,0.8548077780861402,0.4958600422315012,22,2,47.42960190380999,5875.952949459073,4.0,1
61645.628349733925,2400,1.2792223486851222,0.5338382520791205,113,1,43.10549074141958,6476.499335014099,0.0,1
56008.675505766376,600,1.4474964274240223,0.8191187356131534,53,3,26.396286282449445,6396.666013637119,0.0,0
35953.808330525506,1110,1.0310708114532738,0.3331782391285488,119,5,37.42746372629624,3310.403606423187,0.0,0
12736.468476285694,630,1.1964940938192306,0.6604238119601064,32,5,37.95676953091318,1216.971064969766,4.0,0
69168.94058310724,270,0.8362018436803303,0.362529552292999,91,2,24.099623729689487,4587.862884142211,1.0,0
26591.949452556983,2430,1.0141572962797138,0.0422966576146248,10,0,56.04077962120581,2103.0904839979075,2.0,0
5182.841692724633,2340,1.310103511102728,0.3742349562629854,12,5,48.52834748690806,515.5482257905397,2.0,0
26666.67024558121,2340,1.938530614710387,0.9405341185720932,1,5,35.34842991404403,4056.057655077771,1.0,1
59892.5917414475,2220,1.94551807552696,0.4784298572675328,107,3,38.32263006793437,9373.007659841209,1.0,1
47269.0927566333,1680,1.9255460173491448,0.1071481324684994,80,3,40.50059369537063,7901.636035371156,2.0,0
56686.63597874718,1380,1.257703663560393,0.6809485610824636,89,3,18.0,5317.510443684028,3.0,1
59832.20071388474,2490,0.846816454097598,0.953745556221336,111,0,35.033871409752834,3928.8867313751775,0.0,1
17078.663914419878,1470,1.1382881246992005,0.8988657940788145,39,0,29.816189024026414,1740.187806020922,0.0,1
69398.07373284874,1680,1.0352572504451727,0.5662412294300573,86,0,25.980559881261016,5479.734690924106,2.0,1
33692.235814647385,660,0.7669518898918255,0.3725179369050458,60,5,34.626796485368544,2072.038320002182,1.0,0
48467.5032209161,1920,0.8642803323460505,0.574870891824148,65,0,59.572238322194266,3796.3001522029463,3.0,1
1669.6947851255372,2070,1.2938303220588794,0.807771751577257,79,3,45.69011433520412,165.11583610535072,2.0,1
74512.58463322159,1740,1.1575949565651564,0.8526249685982698,56,2,31.14585212260644,6468.125390016887,0.0,1
22145.8843683654,1320,0.9664244659613797,0.8106554460930168,2,0,44.8709933762739,1776.908582568695,4.0,1
6061.638330701409,630,1.6093199647904963,0.4509216146573203,9,5,54.79226523903203,774.3778886486349,1.0,0
35182.26005293377,240,1.1785387150759423,0.1176694096745276,60,0,49.095604194953225,3507.887481374562,4.0,0
10983.709202880067,1620,1.772241426895853,0.5634816924713886,68,5,38.71556443904209,1740.424716243725,2.0,0
12696.013196581816,1770,1.0391725923157409,0.1548645397530315,87,4,30.236758667533117,1003.701213239352,0.0,1
47972.786757720445,1980,1.3960721881039495,0.0603487505588774,68,4,46.37867976336308,5689.2167413455645,3.0,1
30380.163280412144,2400,0.9709670605790188,0.4936811550945723,22,0,42.721824625061,2461.428116823889,4.0,1
69256.15508639214,1320,1.3443607396630104,0.6488197155461617,44,5,48.74231864033278,7096.008609165743,3.0,1
24958.002353693148,2100,0.9329598107740634,0.8456058333423291,53,3,45.62206162018364,1998.146727436459,0.0,0
54874.23943621673,1830,0.9438943492458264,0.7750071984147605,118,2,50.59463258383202,4081.802292250752,4.0,1
35390.80811638571,810,1.4846680524504188,0.8486681076289827,63,4,31.577177461273184,4365.848938871302,3.0,1
50006.420633002,2130,1.06654325061092,0.7524680831126817,76,2,53.80872878761191,3998.919023639304,3.0,0
45577.60871862529,300,0.9568406718770968,0.6962070029370779,88,1,40.3711952563088,3598.9579484021606,4.0,0
36249.621997786366,1560,1.865721900162088,0.0100361934492926,43,1,62.90313047150319,5374.191990015221,0.0,1
71329.49045489612,2370,0.8016039008880613,0.6198412886911184,115,3,29.729746182925187,5133.495393409229,3.0,1
26689.45274248925,1710,1.4281777352350646,0.1192769860977265,80,3,58.83156563798299,2838.7048436073424,2.0,0
14526.809341821534,2370,1.4079166101999183,0.0580804610092156,101,1,40.374929401551775,1671.084260729567,4.0,1
51339.91347466738,300,1.0507306492836717,0.1548480305845988,89,1,30.18298395662662,4450.520530126332,1.0,0
63681.555756131296,1410,1.2933260941353812,0.8150592398273327,74,5,32.19336999134814,7234.052736867515,1.0,0
4458.6498855843965,1980,0.8552853396991625,0.7364108991690211,3,3,34.15583230166816,323.45061484448314,0.0,1
34548.00259906702,1680,1.6155241751086629,0.9392846811531602,70,5,43.089991356823,4837.747339683071,2.0,0
67097.84519201847,2220,1.0160365780521878,0.9691864960639064,15,1,44.27402585642599,6058.905830729166,3.0,1
56596.96849083076,1260,0.9820624317918673,0.8843511465102423,72,1,31.11559995273705,5034.450592114047,1.0,1
74397.86716257567,1770,1.1278541739330037,0.1315967904672291,84,1,37.707744892868206,6680.1414808809095,0.0,1
40558.91515239741,1140,1.8328439043157705,0.8695989135157306,65,3,63.70724430334237,6251.377459633431,2.0,0
50009.68533188462,2220,1.705759977940251,0.8302507634407589,37,4,58.73051804120854,7688.965104919788,2.0,1
23732.30066363772,450,1.886270749360509,0.8623750012611003,7,3,43.23588403608839,4168.672974636395,0.0,1
71143.86657545043,750,1.5323548152397026,0.1501687609453265,80,1,38.456041738018406,9934.09344809981,0.0,0
28425.65840890542,390,1.545505813238505,0.1156239094955843,83,5,39.44037592061913,3548.0676364145597,3.0,0
55780.5373824672,1800,1.3260371993114604,0.9145707907882408,57,3,45.36221567276501,5712.969520878093,0.0,0
31130.80500275252,720,1.8362235880403703,0.1720883826431594,85,2,25.72648921761913,4751.466092245712,3.0,0
42793.69135963045,900,1.3630525791243948,0.3649355137321752,93,0,34.91148155091986,5142.73678084614,3.0,0
54404.01632408365,2130,1.1760720849540296,0.4514250009991196,61,3,18.0,5322.411339417491,4.0,0
38906.66015372454,1020,1.5184500119011983,0.1231981025512688,5,3,42.79067747126335,4903.278789673896,2.0,0
68170.84502784887,510,1.405367392081156,0.0204279451522219,104,5,45.76635127643289,8631.840760282008,2.0,1
32318.622612694053,210,0.8988237783718745,0.984149565069445,56,1,32.201762452407515,2340.207944320157,2.0,0
49059.7771635344,690,1.2212704966949155,0.8678906723866114,80,0,56.8878411594804,5424.082020441148,4.0,0
26663.63884755398,2310,1.125990493313376,0.9032145500571308,109,5,23.290812043971904,2445.9569918763423,3.0,0
31499.51511497946,1440,1.766200530013358,0.2817174385793973,43,3,20.42750143748216,4445.081855040279,3.0,0
33843.6829551661,2490,1.2046110683677305,0.2179005570179846,74,0,40.693421822719664,3359.85770033449,0.0,0
10746.815845952966,660,1.7358662791666712,0.4216078925936724,2,0,50.565179631345856,1652.505414847068,4.0,0
8241.690410836993,990,1.2808675126811346,0.4487861752882268,106,2,58.207132297494425,800.7471652553447,0.0,1
50560.50935128671,540,1.654200676134732,0.0055434444755982,7,3,32.49338884557272,6461.955953132228,4.0,0
49680.55376821434,1110,0.912338314213428,0.7714605814342346,64,1,50.94417000117555,4186.361725029154,0.0,0
50223.863994442,1470,1.8595802635901548,0.9867003677605972,42,2,37.53789836599152,7176.791010310734,1.0,0
2952.833732687838,2070,1.326671868958702,0.5234039614010685,4,4,35.92847240071016,331.759809952741,2.0,1
25501.192936375825,1020,1.0617578947515676,0.3843761080623267,55,5,48.60391924984007,2299.2915945422747,2.0,0
16039.023773550976,1980,1.0397875276377682,0.3888243742889912,112,2,45.82787454096104,1386.304045970723,3.0,0
58694.12955698491,1620,1.0680927462899663,0.0951163608503796,20,2,19.08329411618901,5405.715002542734,1.0,1
64756.334502615566,840,1.1900690075015612,0.2635002001803716,35,2,55.71848419671075,6005.626825414633,2.0,0
19631.00772612183,2310,1.61102343921074,0.4971114607482849,22,0,54.56109624976942,2668.8110837618924,3.0,0
50586.913175327,1170,1.889523651480952,0.4275295211233503,14,0,30.493247581885647,7721.063921939067,1.0,1
11008.166054183172,510,1.5528449161483584,0.5395843982856791,27,5,42.749642401248906,1479.7686120098483,2.0,1
21723.71063172593,2430,1.4065995251329209,0.8405749921510326,68,0,43.92836223539287,2327.120594158965,0.0,0
11691.105473156334,2310,1.2883173696205614,0.2229898796726158,93,4,41.12808518988689,1276.5054273704368,4.0,0
22338.776345043345,270,1.7438333604451397,0.0273875390972488,82,1,31.39633815385496,3001.0521013804805,1.0,0
51093.13623017193,2280,1.7695886429352838,0.0378431908299133,92,4,29.94051958474338,7134.211548562166,3.0,1
68409.02789861606,2370,1.1016452093193825,0.1328271172537898,85,5,37.69335114810266,5856.231959325829,1.0,1
16385.39698242767,2100,1.894104298384116,0.5647781549563585,45,4,52.07274823111238,2389.437519360175,3.0,0
41342.80906887786,750,1.2241384358476584,0.8001029619375455,108,4,44.52320185513319,4547.1236750272565,1.0,0
53052.24594139228,1650,1.7100936830298332,0.8779378798878252,20,1,33.55262801496673,7171.528557192701,3.0,0
71539.80143368908,1410,1.91018385369868,0.6287620699552215,83,3,47.26038452778013,12555.21274829314,2.0,0
46339.44549220728,1620,1.5943897210267337,0.3991118199263845,13,3,18.0,6851.320867846206,0.0,1
20250.359430512483,1620,0.9438608717414324,0.1529695610745859,91,2,51.785188404465245,1620.034263159033,2.0,0
47472.64453317432,1650,1.453364346208717,0.3974041560490443,10,0,18.0,5256.96431481269,0.0,1
25056.10038333419,1380,0.8925325477146941,0.3290909825687057,25,5,33.650708703162415,1807.5049069881247,2.0,0
73245.43671584052,1770,1.6969704478427114,0.8613256220485663,46,1,24.563961264486277,11098.07979608619,2.0,0
30876.19593452731,1410,1.0875782086486594,0.4818521836365012,83,5,22.46382229134913,2709.295365141671,1.0,0
51878.93747593455,210,1.5842577876720223,0.2239339409549835,5,5,51.92992144854223,6170.276344860919,4.0,0
3207.227302486748,240,1.8421076089562387,0.2859130561476221,30,0,32.3875855842573,499.04792220216393,3.0,0
30904.51629090452,2400,0.9672118208042068,0.1351054628972621,40,4,42.15804658076859,2697.2560769862293,3.0,1
65820.4095792046,2280,1.2214294063214002,0.90939959457844,87,3,37.43695305344979,7175.401924998429,3.0,1
46351.71716584357,1530,1.5265425456882795,0.0498423877741038,115,1,43.72448992667746,5436.7371452008265,0.0,0
34129.80215010426,570,1.253590311371401,0.0127177860703352,73,4,38.92186269272307,3713.233061237303,3.0,0
70291.40620852585,1980,0.9597827299496584,0.1811590441916,60,0,22.604093309737166,5244.919133928435,3.0,0
64267.85164682134,510,0.7848859370025564,0.8027652777315195,40,1,49.95520183336568,3919.288977721244,1.0,1
25182.85202598596,1050,1.2379177724423551,0.5182321187647705,98,5,32.07492100206425,2831.086854590389,2.0,0
41524.30755003846,930,1.5290508318983045,0.6195848545032165,12,4,19.321017216082986,4973.1804830685,3.0,0
37502.08282279601,180,1.4387810497829865,0.3541543586615774,15,0,32.86261806840905,4240.949894592622,4.0,1
47966.88375844238,2040,0.9374894877127709,0.0679912056936783,24,0,56.00911748761173,3298.273920057428,3.0,0
26057.178121468536,1350,1.290832132640864,0.8475965808672464,32,1,48.20266090536192,3052.3059090341344,0.0,0
19449.067556292783,900,1.1933652554175034,0.1899753294041533,55,0,33.81617438710569,2069.9750405975974,0.0,0
68581.3798912819,1350,1.0790428827520795,0.0327286085396635,113,1,33.80890754817885,6355.306708466013,0.0,1
69404.77571314022,180,1.625125492632467,0.5669770945738617,78,3,34.14037938539141,9963.846063206298,3.0,1
63484.232103505456,1200,1.1215824360326212,0.082456328180755,46,0,62.92097580273009,5438.064317899308,1.0,0
73398.02566119525,1380,1.398170342799635,0.0948042333412358,25,1,42.58322542677864,8466.372784336249,4.0,0
56256.87714480711,960,1.85786824232354,0.7923732611676999,77,1,43.16049976629284,8398.817480514535,3.0,0
57703.04129930698,2100,1.3971311787042988,0.4866934934248155,30,5,50.363401448382106,6063.242194427948,1.0,1
57550.37175925409,750,1.4904274921926728,0.2390933677246715,117,5,40.86546990831816,7124.094964062571,1.0,0
36824.66087425953,480,0.8378951834010617,0.3451401591259235,57,5,34.89149425015156,2830.907336222882,3.0,1
35049.23629679897,1410,0.9637609724900836,0.7219485690547398,66,2,35.643801810980264,2504.196186215537,3.0,0
19156.63129695173,2250,0.8711414391577361,0.0656906033090358,108,3,37.14078488703123,1321.0753763947364,1.0,0
48894.21078540785,1050,1.667775538027008,0.1153158097738778,36,3,37.5533331618819,6318.411760535345,1.0,1
22765.030003521588,270,1.7531052971002108,0.610099414640664,56,5,46.73155452364376,3116.7825292945804,1.0,0
20448.91811312305,2430,0.9737463518334932,0.6009020171224362,63,4,38.62335062968759,1821.9937455550275,3.0,0
44568.160996060025,1200,1.0131261011077093,0.962737562690018,32,5,46.79168092658695,3733.928265306867,1.0,0
31633.70553454068,570,1.1378487473913397,0.3708039864428951,6,3,37.03140103869701,2975.2703886599,0.0,0
17585.960746405464,1620,1.4592931403446023,0.0644268509057407,34,5,38.94362228379309,2272.3327525021423,3.0,1
61480.11723133309,900,1.4961554325600233,0.5321620605011316,13,4,18.0,7029.695137028203,0.0,0
64751.88906813663,2370,1.5741047502497492,0.6319633436441724,81,4,48.995932096429776,8467.89478521196,2.0,1
13825.9146963169,840,1.8362313074561551,0.1382067579283865,0,3,42.15786171077591,2080.0813356925783,3.0,0
2051.7669107999905,1440,1.104048168595846,0.5473333537998447,37,2,49.97612131831583,193.16132955445937,2.0,0
26205.552686908966,1440,1.540510787048131,0.1957894504416819,106,3,18.0,3767.5036390078135,1.0,0
60117.04642253531,720,1.421667414933231,0.8362827573022577,68,2,63.06049645736873,7582.78061875935,1.0,0
63179.27916822285,1320,1.1170046884950806,0.8268098808259914,80,3,36.32492446213792,5736.807072158,4.0,0
11667.186653529618,420,1.838898223912408,0.4253328050384574,80,1,51.2981938008502,1928.4489014944345,1.0,0
58413.68873695426,1680,0.864580094351061,0.957075758607676,35,4,25.52112887449363,3876.0030078781137,2.0,1
10004.256297243064,1950,1.6044012321984618,0.9699761357052442,75,3,45.35328686075084,1186.8410386891453,1.0,0
30169.6003765049,2400,1.6234484556271225,0.1279585780581433,26,4,25.359013241916127,3792.050699464926,3.0,0
74897.79935337581,930,1.8483918332279536,0.3640366667841429,76,1,30.51477247165034,11094.83670340106,1.0,0
15655.425507471871,840,1.3722967108216242,0.5943182553461781,81,4,60.96837624640144,1794.870393895934,4.0,0
12816.323319455543,1440,1.135946805863095,0.0839894314856299,105,4,35.71181119083984,1246.7443186088694,1.0,0
32575.82444218932,1800,1.743288803832025,0.3788289487759956,110,0,40.609194478156674,5198.780838695429,2.0,0
47045.63665878482,2490,1.674972338198871,0.2585603631764248,2,2,48.44081276826505,6582.208283018203,2.0,1
70068.20750737411,210,1.3503787373033644,0.9425297187570372,35,4,43.94818265567125,7887.298792863335,1.0,0
73590.35419667802,720,1.6714288507605732,0.4074699646031557,65,5,39.80502686172292,9143.675200781294,2.0,1
6618.586789467506,780,1.071450722492713,0.7550441499620374,38,4,42.37953202959471,524.9940687299363,2.0,0
11642.81752507104,750,1.4574075964841615,0.382838309877052,74,2,66.84098702285931,1431.3895418466948,4.0,0
59619.24108135555,1260,1.7882201457454503,0.1304939497146471,102,1,37.308574435596974,8752.542225438918,3.0,0
21391.46319190824,2220,1.131581405539815,0.854520014859239,30,5,40.41318856057961,2181.3870794388554,4.0,1
66536.40587371751,240,1.3302599789168918,0.0004127477340728,107,5,50.60785275209135,6775.223285296993,0.0,0
50263.81440633788,2070,1.8912538250074675,0.0553814652347055,105,5,51.2663111954958,7018.663230786612,4.0,1
9720.592974979772,1620,1.707854210366084,0.3607405618380728,109,1,52.24436366672456,1366.5257925493916,1.0,0
62690.90244191452,1590,1.8144468243966632,0.6800292729635491,8,2,45.66476266435021,8881.876416613824,3.0,1
14462.193930593576,1740,1.2122964730685355,0.338287252337868,35,1,24.2839410472342,1303.111471255085,1.0,1
32626.91150895456,450,1.9458063115614703,0.0656496894447652,14,5,57.60117838761315,5575.646227859504,0.0,0
42085.59224911076,1920,0.9330787256205756,0.3146616333968073,14,5,24.243855283775744,2967.3824822074407,3.0,1
38306.31195740045,750,1.3725246998595706,0.2425310504002606,6,1,41.6316255828684,4495.264175918064,2.0,1
51932.974297713554,1380,1.3251280587554992,0.0053656018200159,52,1,28.948689799767703,5433.466446621547,4.0,0
49472.47501289026,1740,1.708118628960161,0.5294538940485978,10,3,37.23033984088409,6490.247962984158,1.0,1
74415.08740631203,1590,1.8403413270180145,0.1154794555967442,35,2,41.94514892364177,11083.071498706742,0.0,1
74957.51032797781,930,1.6273672522896718,0.2846213259086994,117,2,41.85628658540328,10900.710734719332,2.0,0
39459.76609371961,1080,1.5021794833563633,0.6347779319201904,106,2,43.063049050823416,4811.713117385951,4.0,1
8497.132891623503,1290,1.2629150290182043,0.7178645319347474,112,4,57.364535228703765,948.0840380561294,2.0,0
54996.4824742008,270,1.362391100490881,0.2608210705874623,4,5,43.44241161816776,5682.671535452922,4.0,0
73284.8097489193,1860,1.3611603758697863,0.3259017343545816,79,5,35.070120376512214,8856.890226978488,3.0,1
24896.989490732994,390,0.7744421684212532,0.2444401457461905,76,2,49.56904601946029,1505.3279740169214,2.0,0
35398.853109061674,1230,1.353654965793213,0.94731971431303,15,4,52.27364586709569,4163.158663050793,2.0,0
32721.10397393601,1710,1.77716496020895,0.1886145297175288,108,4,23.26870621835609,4922.404953536689,2.0,0
5279.307859934308,360,1.6011288133706978,0.1813487975973395,48,1,45.16880083819829,776.9542624486697,3.0,0
50911.4356949232,2490,1.7048503465500058,0.4405849428732167,117,4,46.414072907730784,7037.431617440501,0.0,1
27470.320587532384,1050,1.2185819877222253,0.1874132956085634,13,2,34.429237959680094,2499.118822798309,4.0,1
59378.594785415415,210,1.3847678842955498,0.155141371722752,78,3,54.50848175973943,6061.376626825265,2.0,0
62660.82553322597,1710,0.7901802827965205,0.0949207423240746,15,4,36.19933295560968,4449.78964235872,3.0,1
61860.46281494164,1470,1.2095975306032123,0.633769535627167,113,5,39.50691744165851,6272.539428524108,0.0,1
32124.95085593119,1650,1.3192992538711728,0.6059614323528771,72,5,35.92313810859356,3765.178841727119,4.0,0
25133.60764470612,1920,1.056250679518898,0.6436612629591866,9,4,38.18694857097761,2071.2763685647587,3.0,0
56538.32730552853,1290,0.7874891747887798,0.7655670079293023,25,3,24.844698957257577,3572.329004501581,4.0,1
60402.12338744014,2100,1.5784897305347425,0.32309443266465,43,2,20.719389408868462,7049.307525432067,2.0,1
37607.42230976541,1020,1.272105301018612,0.9092394962758024,1,2,57.13406075869967,4428.278179013393,0.0,1
67137.77993591827,1440,1.248813831734681,0.7258725649580684,1,5,27.836463820180064,7268.371946851566,3.0,1
12077.289161774032,540,1.049984104834211,0.7966615026953751,111,1,26.103291806524314,1166.61594619601,0.0,0
66111.55530493357,1620,1.3953964787976203,0.7137525421884441,117,3,18.0,7254.984905293794,2.0,0
8562.999623433274,780,1.2756321375248776,0.3548710889782362,64,4,30.33245902772597,934.620662762158,0.0,1
12784.12587101412,1800,1.3187813676349092,0.2802021631820086,108,0,22.12292247911002,1465.143869848706,0.0,0
40737.24097563609,2040,1.4470456181236584,0.418291898883224,78,3,57.70418192163643,4697.283207868592,1.0,1
6462.608293775004,2160,0.7575895766876825,0.0960600569280248,3,1,50.11780507211161,442.08727901835965,0.0,1
5381.321952908111,2340,1.839235084246107,0.4467676965502876,85,1,29.74219585786732,913.3087671681608,4.0,0
1538.1276961793558,450,0.8353048763340976,0.0427095732642874,2,3,65.0292296641317,116.95641035928551,3.0,0
33569.27448752834,480,1.2911096967791935,0.0039065004269225,97,0,49.78118584389913,3819.0322975125873,1.0,0
58434.855274978894,2340,0.9988474502872576,0.9221839500799458,44,0,34.10202339789653,4604.1822162287135,3.0,1
4060.618745573801,1050,1.3785388432438503,0.6824434919820139,16,2,18.0,442.027674469852,3.0,1
49440.93407524037,240,1.0862761305565654,0.5562284775953092,31,3,65.4913108710889,4973.251494974522,2.0,0
61999.857830089706,840,1.7820077976751243,0.3376910190288272,82,0,21.325130398836848,8124.902366894459,2.0,0
13848.062370473528,2130,1.2256318007549043,0.5648326345382234,101,2,18.2552150365173,1487.7241745621948,1.0,0
12294.484509373213,990,1.5165066669221248,0.8826600185749484,68,1,50.270845184115686,1630.6301338102437,2.0,1
64768.8715611094,330,1.0486556737774548,0.645856332604426,19,3,67.27702887607127,5826.682459964801,2.0,0
61999.658831331966,1860,0.773287380592821,0.5964571779739691,108,1,54.61127382212622,4465.24734430671,2.0,0
41112.21982041773,630,1.2349854427359312,0.4556024579419612,94,0,44.76690944062832,4040.053867920937,3.0,0
61711.19112810755,990,1.393783787469948,0.3422400603443494,49,3,45.13705209998344,6892.384489284451,1.0,0
8317.571690700366,180,1.3014565815141004,0.6915616427824947,66,5,48.240986705363696,810.9205991561378,3.0,0
30494.39156849845,1560,1.904417236582632,0.971171131605656,115,3,47.10714307744118,4773.064871752586,4.0,0
55728.120373818405,1200,1.598207008615234,0.4205101165853842,45,2,41.37429708763251,6996.444772889283,3.0,1
20422.719010311303,2190,1.9448037607504745,0.3882831519740587,3,2,39.250413247422514,3185.4404892955718,4.0,0
56796.17521086613,960,1.1040721083767664,0.423832337641392,17,0,37.24888246520573,5645.189762322261,0.0,1
38557.12742272482,630,1.696863935528576,0.4212885283692242,72,1,28.95242493359989,6022.025177139103,0.0,0
56644.55011419513,540,1.4166701610559365,0.98071852563481,119,2,34.63189907759871,6182.843002352435,4.0,0
35653.953382513726,630,1.4841124253381994,0.6997104749342472,88,3,18.0,4274.617142624173,4.0,1
28540.9690063036,1230,1.933023840530793,0.3555926047184857,74,2,36.819924478463,5070.485291041695,3.0,0
17610.407411179476,360,1.5347846397013405,0.3677873500884553,38,5,26.13690671418899,2015.4781456684047,4.0,0
16815.881595473606,1110,1.8285802708043013,0.4264889554966152,52,3,24.75692819341075,2311.7407775502875,1.0,0
56734.574576997606,2160,1.6209002816630964,0.0363450657046452,4,0,40.15872981384175,7043.221842931858,0.0,0
10239.910580496096,1950,0.9028633460697,0.5225382380010375,44,3,54.70402743613519,788.0419707654412,0.0,0
7819.702733154467,1650,1.589308452386775,0.803267142007537,74,3,49.01979927202776,948.7819201258176,4.0,0
14457.415329126568,2250,1.3311787064225782,0.6539621152754355,108,0,19.15399275652188,1783.9499956680834,2.0,1
14387.96859186326,1980,1.8525575915788108,0.1964366382939261,110,2,26.12446236115595,2192.8057077577005,2.0,1
61998.410276307135,1680,1.718201336628546,0.7207538989645862,98,5,49.289254255858594,8880.379987804434,4.0,1
30790.23682535461,2190,0.8749616251286703,0.7122640202687099,2,2,26.210151277540284,2108.521236421545,1.0,1
74293.55161599546,450,0.91069877238427,0.2599138234925071,97,2,35.3044022000357,5598.957821922471,2.0,1
11585.02744761001,2070,0.8335332021583267,0.6166459102883658,26,1,44.60062518829462,835.9791482699935,4.0,1
49535.17718848278,870,1.3418938496935409,0.6048395427907168,73,0,26.37986654163637,5873.16545734545,1.0,1
34481.618779291915,1890,0.8469261110488236,0.8313897476176197,113,1,39.26450607375152,2581.891413134804,1.0,0
30379.485987234937,2310,1.6184140038896329,0.1347115887151068,106,4,21.991694060981548,4173.808263847218,3.0,1
65818.68863047505,1320,1.4128302977405194,0.1928901194664075,79,5,30.78358827258544,8501.253252644616,1.0,1
73206.27996838737,360,1.7530620210637708,0.4811098087301271,35,3,41.837383209710445,11509.287427953775,2.0,0
65655.13346990214,1020,1.0857549464055796,0.0437036974033839,62,4,18.884075197619968,6306.92430795765,2.0,1
15634.09990908228,1110,1.3729689409933687,0.4114382556256895,84,3,43.28569685552479,1597.9813960379645,4.0,0
17728.64720885665,2370,0.8909756230926532,0.780336851579726,61,3,37.764346412879824,1160.530973470059,4.0,1
49721.43011348716,2370,1.8115320031803368,0.1472272500441582,48,2,44.62987945300577,6987.988066717663,1.0,0
22747.64325040709,1500,0.960005954747806,0.4553492495671595,48,0,40.68696960877594,1891.2428975245252,0.0,0
55502.297112372624,2400,0.872834701620486,0.9798715410486202,71,2,54.36968515968613,3950.988013541096,3.0,1
43131.91783450888,1200,0.99606071822782,0.5008608132906157,4,5,39.50269403177489,3496.310957961318,0.0,1
41991.79448404461,1140,1.7174777864675776,0.4933405858808696,119,3,32.84713350649697,6564.725782800081,1.0,0
62398.198975650754,2130,0.8769774332216194,0.5532056478869264,12,4,39.46757003638741,4993.0693504388455,1.0,1
53724.15872308682,1740,1.4873129938057992,0.1841443266294138,118,0,44.51957634843666,7312.619983948288,0.0,0
3453.46572730094,1380,1.6454175607381507,0.1456922438590848,4,1,38.58632084390845,452.3804038859392,3.0,0
5135.246580232153,1230,1.6512973925794454,0.6705810828239573,61,1,38.48710029444659,739.0539826688995,0.0,0
45714.546255517154,1830,0.9780730639297572,0.3918091418067124,50,2,29.57609974631893,3521.79835656396,4.0,1
37235.11755823725,1920,0.8239487980531344,0.287007561933321,68,5,30.04518898938862,2366.811773078783,2.0,1
20623.572167709863,1320,1.288567660526661,0.0310777037206986,52,2,21.16873673840368,2046.9553277557527,4.0,0
32271.22241763792,240,0.9929824142934554,0.8375899922066976,107,3,58.99492091824328,2569.203905998146,2.0,0
57206.40842686525,390,1.5891249708167257,0.0320055771863844,1,3,23.07364117530458,7448.329237718935,1.0,1
62255.944122357854,510,1.1780313595865053,0.7424832928424862,118,2,29.685137626449112,6597.053841493851,3.0,0
42749.89548991825,1260,1.2892247292397585,0.3781686734085951,82,5,29.37911281316963,4173.863733334486,0.0,1
29824.65684299707,1590,0.8861819197220542,0.5927009323996036,93,1,48.7390925233333,2326.6881109589312,3.0,0
21396.21196989037,2040,1.4310603438578302,0.2452012206832607,16,0,34.46060386049567,2570.86840207033,0.0,0
39861.00760154013,720,0.9726290275582888,0.1538456695697524,7,4,52.9729048720848,3066.404021376821,4.0,0
24634.096964482003,2010,1.5647827930979243,0.528054120826598,47,3,29.918112509073577,3206.715250039628,4.0,0
42960.992572970885,1710,0.8354025870574724,0.6886615180046022,38,1,41.347929946685625,2847.209882154658,0.0,1
51233.95011445837,300,1.921073510737588,0.1935383619956951,93,5,27.97583536088291,8391.151129571974,3.0,1
6356.822002575521,990,1.571432374302974,0.4319953579582385,107,0,63.74178953328066,819.2259119878639,0.0,0
1578.458679171922,870,0.9680754813743114,0.4402084205884817,51,1,23.748818971645846,117.08271110008135,1.0,0
17102.369704794604,2250,0.7669135745542269,0.2138193575886681,92,0,41.71784852272433,992.4250596477708,4.0,0
67246.5950823304,2310,1.1513554706462623,0.5593989517896097,7,1,45.605322571185184,6524.369277187934,1.0,1
49002.371097299096,2070,0.9333759168626488,0.1444763299138836,89,4,42.96558916941798,4179.57781397947,4.0,0
14139.08586737118,1410,1.012093599743455,0.5046516815853942,11,4,35.7765480934675,1147.8469715403826,4.0,0
66934.40119403598,1320,1.7973003101254672,0.1122971962523395,80,3,36.44215160319889,10585.705611967844,2.0,0
36041.76161111949,900,1.4738455920610194,0.480686984766586,45,5,38.52573766374932,4595.227753176093,1.0,0
36492.74411588156,1980,0.9617491836346794,0.3084830643268013,49,0,36.235975980458136,3227.6634125934274,1.0,1
70262.33287243514,360,1.4179912808249386,0.4477238291607196,33,3,49.566549401538914,8942.210219804752,2.0,1
5872.271875475492,810,1.056936784109992,0.4294118658487424,48,0,64.52627601909622,525.4862167994014,3.0,0
17315.603185210814,480,1.921441037229707,0.8988537915904069,104,5,31.310098579906,2877.0668318940698,1.0,0
44554.192398872096,1320,0.7893086763164343,0.4850362439568981,97,3,21.562364245051064,3210.785440969685,0.0,0
15868.2584542773,870,1.628782106601378,0.8103139148381057,40,4,36.94061541978494,2101.8873326546586,2.0,0
51445.2351768584,630,1.6775964314297127,0.223395868982598,35,3,68.95651205185183,6893.061196779769,1.0,0
17235.783266248935,1050,0.8305953167492404,0.3485619666879163,61,2,28.35590518436323,1052.9325508435884,3.0,0
8788.037339012855,2190,0.956243237077622,0.074338486826859,82,4,57.669401665328806,755.1752200689016,1.0,0
16713.40923360172,1470,1.211167990924749,0.4165403168732786,21,5,58.132409768917285,1808.7490426670647,4.0,0
32570.95151899657,2100,1.7917857918348814,0.6620128882041817,87,1,31.356941099504063,4401.665329764933,0.0,1
14446.164989221372,2310,1.394399926102199,0.8297853637683023,113,5,44.8277969502233,1709.608171608664,2.0,0
11399.863831866029,2280,1.5363682200087485,0.5602557626811636,101,4,57.54075947754246,1446.915604677866,4.0,0
64730.71863709216,990,1.689615402548211,0.6336719428971477,65,0,33.45046710815016,8280.132397830275,3.0,1
25049.194464402124,2220,1.743747346005024,0.1754944068407786,38,5,35.55703567877166,4059.774804789734,4.0,1
28015.76345909164,2280,1.3215414517004174,0.0368339778511049,38,1,31.01982903261628,2874.0707783521407,4.0,1
5562.375098340232,2400,1.3605517665281774,0.7837712637255428,89,3,25.8229192316856,565.1557095602074,3.0,0
27766.66732740098,990,1.6116070285053352,0.1653678253668735,54,0,30.208669459207915,3813.966109914701,4.0,0
20963.327533136104,690,1.0660108304827516,0.0902578401774249,12,1,23.31271679885292,1969.02089653726,2.0,0
46370.652449621455,1530,1.7753876836386293,0.9281866976975294,81,3,38.40900161911071,6090.650292687617,1.0,1
16596.186878921893,2340,0.7749441893710098,0.9538861504185848,16,4,28.7603212272963,1112.585609766698,4.0,1
66794.86080011878,2280,0.9849259226516696,0.6100947186864697,118,4,40.80543094148897,5524.820844009088,2.0,1
69830.4966375873,1500,1.710239931643804,0.3748508999604205,50,2,19.32925224555647,9004.625350657334,1.0,0
8837.582702494079,510,1.1583098542712067,0.8249071455544115,41,4,41.97056278657348,786.0096987733815,1.0,0
9394.117287210423,1140,0.9297993992307672,0.2026727597420583,6,0,48.002347539307095,739.7616774226444,4.0,0
9976.493201157617,1830,0.974105706853684,0.4250984041553851,20,5,18.0,770.2659984721279,2.0,0
47038.34033880793,1470,1.3869076823232835,0.3534471260105957,113,1,42.48867883817086,6008.381687056898,4.0,0
10464.718869407285,960,1.765417835213985,0.9035729908342648,64,3,52.7320279096795,1657.322084413275,3.0,0
64150.10036787458,960,0.8347808589253327,0.9105796412086508,108,5,23.48430777570553,4980.51914147142,1.0,1
56938.9563479351,300,0.7865770909495793,0.6443770670604297,114,1,58.07086864205244,3516.968027735521,4.0,0
61755.95108049477,840,1.3082017630042118,0.1096327388699649,5,2,43.02822811239254,7491.40935102598,1.0,1
40165.44872612254,1740,1.897424898064361,0.4773708617617194,45,4,29.539857730899094,6246.0956002359535,2.0,0
74755.77504665779,720,1.0848117640969517,0.2428750825618161,100,5,37.33077106810753,6510.683205049648,0.0,0
4746.870066395853,2490,1.901004646880458,0.8760665065526371,59,1,44.69992295026067,670.8338540906419,4.0,0
30992.97486767933,360,1.8152174119080016,0.1370187710260398,61,3,38.91206469694894,4185.02949240096,4.0,0
25309.34516691626,1530,1.0897620916650133,0.0537671731021002,68,1,44.46507190935643,2404.3482930125983,1.0,1
71225.44415537911,1320,1.730337677107376,0.6973847432145774,84,3,26.951916883047605,10166.6390938088,2.0,1
43899.280449573074,2100,1.573040763082583,0.4487532142184713,112,2,40.03232988843293,5376.910196471604,3.0,0
60755.035960187306,2250,1.3641868666857089,0.8299812387270536,106,0,21.03542603714024,7095.68847734791,2.0,1
14020.077733901137,1440,1.2574993716514498,0.0738833348576186,75,5,36.6652872638156,1382.0431698560865,4.0,0
73429.60957668225,1650,1.728603307110548,0.793065371281764,69,3,27.153108302422524,10774.632501736549,3.0,1
38150.00669540917,1800,1.7016953192340254,0.0369614053157167,43,2,29.1736406889228,5227.171501313757,2.0,0
37784.89760589247,1380,1.658323603131071,0.0277893117948174,13,0,52.83311810252525,5627.105276499359,0.0,0
72860.02754811173,600,1.947907141458355,0.4567025942137194,85,0,51.095721447131226,12737.340613761824,1.0,0
29483.82854946016,1170,1.3242149531296603,0.2190783767838452,0,2,45.30965745088612,3235.8910851678947,2.0,0
30718.08930479198,720,1.7183075733838988,0.5877815199364653,83,3,24.892246823929053,4241.1091175651045,2.0,0
44479.32365616285,1260,1.7849740403801742,0.0255588242693557,59,1,34.203098603662376,6397.963417279241,0.0,0
10911.86687526234,1590,1.003923097744421,0.0350356469393487,94,4,52.5571723997502,979.869666257714,4.0,0
25099.79354127133,660,0.8004797304636732,0.7198770112102211,113,2,39.70060296367885,1605.279066974368,1.0,1
15700.811699717096,750,1.2356980826262955,0.2080635108673885,66,0,65.83195447978034,1503.8951006664129,2.0,0
9091.335714368146,2100,1.7780840213241311,0.6498529524241262,68,3,42.71981407273246,1212.8249860300668,3.0,0
65161.62856532998,1050,1.0969239374334123,0.7424229398857509,58,1,40.30458939788038,5908.832098718672,2.0,1
44815.84071036949,630,1.590012184880909,0.0587378540677177,44,0,34.29060242956999,5912.6798780116005,1.0,0
27862.450177301474,1830,0.7588177668771152,0.7620564149195969,10,0,39.60249085738739,1906.0302516546928,2.0,1
31537.199236453394,1830,1.1764373187842851,0.2657370057816732,3,1,36.17036196343347,2884.9453800841216,0.0,0
33216.64677102056,2100,1.4886200337097812,0.3856504986177507,86,3,46.49730412026308,4002.888077831448,2.0,0
48036.46488763614,1950,0.9057086280868044,0.0857728003723635,109,5,49.48042780153501,3893.943146714363,2.0,0
69617.550274441,2490,1.8259282945769209,0.8302436835312041,6,1,28.56812647390461,11415.813586983,3.0,1
70059.30204478822,1500,0.937528772540495,0.5551214984625064,39,0,22.025204557306665,5321.970037012913,0.0,1
30274.66049550376,840,1.8417522540047933,0.4996186250687005,72,1,18.0,4600.95174957967,0.0,0
25700.790780436066,2190,1.0096671704195697,0.958869262793728,84,1,44.095895922950525,2060.345407630802,2.0,0
34651.91776361625,780,1.943134408699009,0.331160702341264,88,1,24.759600725913515,6193.618384227534,3.0,0
43243.1659364942,840,1.475698455954709,0.8818714936119291,83,1,18.0,4831.106399359747,2.0,1
35443.616491556495,2100,0.8512138733259735,0.7124910022539582,10,5,42.66294325437157,2775.9000925400933,2.0,1
49918.37562152752,2220,0.8283326813743919,0.9192428544937166,30,2,67.91599420919349,3597.8057863463564,1.0,1
42248.32821841263,960,0.8399060355113626,0.8987240322348351,56,3,37.92714906152128,2979.458675590058,1.0,0
25072.5926820146,1860,1.457871296749142,0.981119506975809,7,4,48.0618892934197,2704.40044878472,3.0,1
26911.214223553496,2310,1.721495042792862,0.130359984516786,41,0,38.98195230257078,3838.015464301575,4.0,1
29326.569885640223,2040,1.233555290124607,0.7880562281706791,46,1,36.81332416170629,2947.916128263736,1.0,0
8456.022966330069,180,1.2838029111382343,0.7964494113980282,117,2,49.028917795853225,831.1003053548216,4.0,0
13705.603482427025,1710,1.4571452443975534,0.6379297928967019,38,2,34.51670546973618,1726.7278736820697,0.0,0
54648.86445768588,570,1.3896487257436267,0.27607234865582,116,0,41.20870776886284,7044.170079234142,1.0,0
30098.60829687288,2160,1.5756740797215243,0.955496788912032,84,3,41.86037367435216,4011.119907163708,1.0,0
17268.61448317056,330,1.316142864195632,0.2023779165113075,83,1,29.98291455628341,1991.6150707577924,3.0,0
42856.42217725201,2490,1.606632822076881,0.4945796245748546,98,1,49.90450819443827,5143.595011459684,4.0,0
57032.1563717969,570,1.946772891055961,0.5162722416909944,101,3,35.9004829196551,9069.561539372658,1.0,0
20420.5436323848,1140,1.170357410698518,0.1602110513876784,26,5,28.931058086085866,1808.2356758562407,1.0,0
62269.05632139522,720,0.764658555498421,0.7153035341099084,50,5,44.43811812284484,4075.2950515141342,3.0,0
69671.60718244115,2070,0.9007500546619858,0.0879784925384373,63,5,27.218384218507552,5780.079231551052,3.0,1
45408.497886927296,1080,1.4142170219843444,0.6861668010582439,117,2,38.33817388842954,5559.235023620156,4.0,0
50667.6529358811,1920,1.1631093445735825,0.8401293413277305,4,0,37.89057204026956,4412.204686975262,0.0,1
5364.335288744571,330,1.877979112445991,0.3459024608315755,57,1,51.03074678997893,810.2269637060068,0.0,0
70995.71199011013,1230,1.5029353081288597,0.7023266005132082,25,2,43.69637879455944,8999.947829677456,2.0,1
30347.627968473367,2310,1.3744262231585616,0.1552062680663713,24,1,37.69967649505827,3395.1361032629607,1.0,1
69406.6794400891,2340,1.7076474015264225,0.8374895114383498,91,1,47.813195590403446,10667.728663867963,4.0,1
44054.84806914283,660,1.060307845258914,0.9425113815676924,24,0,54.68249058820776,4186.618110342828,1.0,0
1839.48171498458,1080,1.7336862483388316,0.1511667565647791,95,1,44.69372367622235,272.8897834595508,4.0,0
4332.836950272525,1110,0.7536733258369115,0.6849408792326088,119,3,38.12423143812057,263.8640641827379,4.0,0
51510.78221673927,1500,1.4936128345628612,0.5007727855909605,93,2,22.257965211798087,6034.955935342537,4.0,0
42856.09901664708,1410,1.8717085812549348,0.5261843385140549,20,0,25.21863604309553,6052.221730700687,1.0,0
3450.134134646464,420,1.695431942440644,0.6994248214146813,17,3,34.337303547743986,470.48020876506433,3.0,0
56144.30714984532,1950,1.7743610305768311,0.4838530943430729,52,5,30.685853574088604,8128.693677827094,1.0,0
64132.682274584855,690,1.2263456342058006,0.5943231280975396,66,2,35.75634436417465,6830.634940669306,4.0,1
37986.68495928916,900,1.7390867353201511,0.2285920092172634,93,1,38.67979909876529,5714.145856509482,2.0,0
35733.17186625824,2130,1.41099799803632,0.3747215305237439,50,1,44.35631305228077,3768.1214119072506,0.0,0
1902.27349934512,1770,1.492248283803839,0.856587946570787,20,2,37.15401466329091,230.608890750494,4.0,1
59318.75386827955,1080,0.8206984072029642,0.1088034865319017,118,1,43.83801972591442,3747.062609433504,2.0,0
25807.63090583875,2310,0.9918620366092704,0.5915995083243035,108,5,38.773692977721446,1957.4386264612212,3.0,1
66089.12605401667,1080,1.411157298616263,0.1824441916125413,78,5,18.0,8382.344109829859,4.0,1
28919.9531855169,1500,0.8205612693881972,0.8380742019441383,83,2,26.72797527417495,1760.1369824649694,2.0,1
43033.22643135686,750,1.639736167905256,0.5732535143150143,112,5,36.27094933134062,5766.207286141128,4.0,0
21370.12143265057,600,1.7580684102262818,0.3990182948435684,56,5,23.48366308590671,2881.531946136139,1.0,0
13303.240974991522,1320,1.8544348335537657,0.2473264269152997,17,0,45.19914475995445,2242.994267422193,2.0,0
58455.7308985276,1470,0.8721221510157671,0.432476252197738,72,2,56.36900998812437,4306.537268364472,1.0,1
37999.4001952017,2040,1.87766429762736,0.9480362026625248,54,3,52.6251422203678,5562.522628937927,1.0,0
40931.86239579043,1080,0.831144009155154,0.5041171968461844,95,2,35.438685548837505,2836.674223888187,2.0,0
72458.07258090755,2250,1.3188674591133784,0.4647946363828615,92,2,55.88871364219942,8405.978246953111,0.0,1
72323.1235483283,1590,1.758301224753374,0.738811075365306,56,2,39.78400948642534,11762.292257768746,2.0,1
64389.69594512666,330,0.8343733662773465,0.3752566001235876,44,4,33.95496834658353,4176.706246714526,0.0,0
15289.283018229968,1890,0.7718772875867803,0.423149710381986,50,1,30.639168037508725,1074.6042919564495,4.0,0
45179.043031166126,1500,0.7799372624479808,0.3335782542559029,75,3,34.37036376214246,3242.4715056143345,4.0,0
66043.835712182,1080,1.3635242873232405,0.1494105577760974,76,1,33.34187817750525,8254.357674324663,2.0,0
29023.099328996923,1260,1.7239160935159954,0.7066711220606241,61,5,40.04499466850585,4304.953782613067,4.0,0
8931.303196265495,870,0.9029120052871196,0.8643006047447875,63,0,39.92688777259838,692.9530180138403,3.0,0
61105.77331463426,1590,0.8995323048954488,0.8965367227503379,119,0,38.03655224184097,4474.147744684771,1.0,0
36909.62102511962,1500,1.4322562260597498,0.8719949086574018,30,0,43.2432580369562,4672.19161679218,1.0,1
42982.86200639962,1200,1.0311547209743084,0.4472659644136129,20,2,52.28775529743609,3721.2386810251633,0.0,0
73687.60577936156,840,1.6262564821738483,0.2812255302811643,95,3,49.39464962529589,10411.511181860888,4.0,0
46130.0401413143,1110,1.8895624658121,0.6315445121048152,112,5,20.18122437860116,7139.079182605273,0.0,0
32735.98484645845,1320,1.6692400879204956,0.9451578627869712,73,2,18.0,4806.683717920617,1.0,0
28693.85103676904,1260,1.8026104396547,0.719780141686919,48,1,49.21183893487128,4645.977846982079,1.0,0
32195.018010072352,900,1.3735032690860045,0.489900075974255,41,2,21.597455619014948,3372.305364377343,4.0,0
10202.332613632154,1530,1.74878316506104,0.6819204887683138,56,0,35.3028151772878,1605.606052439325,3.0,0
59914.166043691526,690,0.9694838207840188,0.764812533329853,6,2,23.958643687287687,4887.297688764602,3.0,1
63072.18907674752,1350,0.8320174684747529,0.91007656871479,63,4,18.0,4734.838706335437,4.0,1
22403.18939114555,450,1.537143732149623,0.7555835964324326,32,0,44.49755273845746,2822.428356914788,4.0,0
23829.05145313089,1260,0.8123430045096671,0.4288586500795465,31,4,47.10986192363176,1566.2844590730006,0.0,0
65763.56784060877,2010,1.8209777029676169,0.2708704532808292,67,1,31.08187519127937,10973.602807526006,4.0,0
3261.821131304726,2070,1.5798649765289023,0.4948828480822954,115,4,18.0,403.79073918398296,3.0,0
39753.62211689124,1800,1.8926408704906943,0.324896165159417,24,4,31.44506662097021,6787.91025846764,4.0,0
35580.16502909033,1920,1.1266639875758828,0.9333369467609358,109,4,42.70164806483056,3327.7629062869646,0.0,0
52224.31756401679,330,1.333389971041945,0.5028861850154626,62,4,20.253061174710453,5822.579270692719,0.0,0
13509.289960984905,960,1.6400284380541428,0.4673357726043682,116,4,40.20031903734987,1761.431564458375,0.0,0
50622.30944844381,1710,1.0413347825529846,0.3447142559733143,45,1,37.81628180992406,4469.90569194395,0.0,0
29189.94957880342,2040,1.4002185841340002,0.6330129203886843,119,0,44.95149799521306,3263.145379561864,2.0,0
46975.53619546869,1530,1.5413607300065737,0.5148507658347383,79,2,39.43496442096984,5366.658447220662,4.0,1
4446.98322564903,2160,1.9245703853364493,0.1277584336692739,80,3,26.323172709421332,674.1838726995834,1.0,0
35436.94899306144,810,1.6436439530908618,0.8605157327221896,67,3,52.35885801997389,4278.784348491712,4.0,1
39885.44070770435,510,0.8917570203348888,0.3554227038223604,54,4,36.09764512367636,3304.293772899892,2.0,1
17252.990609841516,360,1.3204001416599724,0.4282526456585727,63,1,37.672345525880814,2110.6066285373545,0.0,0
11762.338582165372,1530,1.4565249395874864,0.2036103860969433,102,5,26.800784491121647,1391.7540096906282,2.0,0
15352.861271404152,1710,0.9259477714372232,0.5478642255417102,95,2,32.68061298570188,1249.5924689561627,3.0,0
26794.36923765608,840,1.268359268377294,0.6950345118042971,2,1,27.38236743167719,2727.2686351577777,3.0,0
8615.545973915401,2010,1.0908069796029876,0.8723536674196801,83,4,35.924647280918926,815.31645980554,4.0,1
71128.00498612593,1890,0.8925930507144312,0.05109158832254,100,0,58.54050176170812,5678.52198212993,4.0,1
31267.06351994257,1020,1.364450320156145,0.9635985906023844,89,2,21.53718628482373,3936.389704516733,1.0,1
60959.26578424605,720,0.9487596972148143,0.6967795646001531,59,4,18.637263225479103,4704.215365653123,1.0,1
73119.65854850023,1890,1.458644890302868,0.2814556975674022,40,4,55.6540439299233,9492.274446373433,3.0,0
7434.043080201324,1740,0.9536363186902386,0.2024300074638264,80,1,35.48811587417761,557.5927103275453,0.0,0
49397.70589322206,570,1.6183139083233853,0.2931270394680519,79,0,29.971127136081,7445.702580402598,2.0,0
65548.56787547923,750,0.9842899476356044,0.866968494149778,44,0,50.47885624875292,4764.630875669169,1.0,1
48116.23089655453,1290,1.82554212093138,0.2884762714639909,48,0,30.73261352315763,7501.726209909441,1.0,0
33033.41991976983,1350,0.7814512278585706,0.4581929232116634,44,4,59.912116562563234,2233.5169821795066,0.0,1
33184.11228638847,540,1.376396864454883,0.6986806736998102,5,4,46.13511045607123,3977.986774789661,0.0,0
4138.56812154088,2370,1.1341257190638565,0.8632699650866467,3,3,32.14506310225157,355.50263904065423,4.0,1
40793.155219761735,1080,1.020091830929509,0.6519854507226431,9,3,63.88769855918604,3832.699097679111,2.0,1
74525.41026383328,1050,1.3159233349981776,0.7455781045690785,50,1,30.731420923959934,7547.151829363021,0.0,0
71965.00315893715,300,1.7604234435891128,0.171593528332996,61,1,46.905144464111686,10868.43637678942,1.0,0
4469.343319898993,2220,1.8483326466319785,0.8686337494142274,49,0,41.59151096487791,642.5842310586961,1.0,0
53376.07976676738,720,1.1138983417774149,0.2729619917819295,114,4,53.62089547278558,4725.386239097881,3.0,0
23679.71770222441,2460,0.9350923465140856,0.1270943824159505,26,0,56.73813436072223,1865.8012714621789,0.0,0
67869.70277535105,1320,1.6141685370795686,0.9664818474372626,47,0,38.3840497887892,8947.993818484068,4.0,1
4815.9338096319725,2220,1.448398470547186,0.1996235261996193,29,4,28.9589855558458,533.8814101957156,2.0,1
70286.74649781443,570,0.9912193784130718,0.1352854503771967,35,3,43.5196657152694,5347.284277734408,4.0,0
63054.4671684016,540,1.6623549457049238,0.6197606911007687,70,2,29.867415562974728,8563.309304815326,1.0,0
10136.572095566213,2040,1.3727165222905693,0.3156745180011343,37,1,62.16064697031948,1231.1533333052023,4.0,0
5897.088792821491,2070,1.534074239408889,0.1320157131286883,38,0,39.63842397299285,825.8853170408629,1.0,0
62851.01332802979,1440,1.1812068407560663,0.5951099060437173,80,2,33.616141384254696,5569.182937198306,1.0,0
12948.188816631584,240,1.276917073562851,0.7513953749500132,99,2,40.2161636703789,1342.4657203506508,1.0,0
40815.01424372648,2370,0.9664105180499306,0.785266390465085,25,3,21.83448452564364,2971.646169748384,1.0,1
68807.24705408515,1080,1.6578190411744091,0.1539574750021496,13,0,26.34063153787218,8402.984791531111,1.0,1
43207.43634587526,2370,0.9384135889821502,0.5512983972605427,28,1,52.404966895333104,3510.012805762856,3.0,0
30696.64765825257,2190,1.6839631137012736,0.8055415869746461,69,0,30.11726865234325,4413.584907818711,4.0,0
34208.680031768425,2160,1.707609425861503,0.1594761413099434,115,2,25.43706820781673,4474.226835220694,3.0,0
6139.11204673452,1770,1.6459211568661458,0.2056054292529681,19,1,44.43983303032744,788.2474654159497,3.0,0
72703.29562007751,1740,0.7733073456704885,0.0023872834573608,5,1,52.228449855955965,4149.6040638594495,0.0,1
24333.082603459585,1410,1.0777598551280083,0.5193878148313352,63,3,46.6274397279808,2361.116245477934,0.0,0
15418.216637954756,210,1.3120052913501763,0.1927348798933314,118,2,49.9525722296698,1877.78006759686,0.0,0
22524.47668526905,1080,1.464653254460155,0.7170001499696301,66,1,28.91845893716647,2508.684546589416,2.0,0
72381.4298245237,1860,1.85306651924286,0.9525917170614296,110,4,20.938271999097875,10456.968626854214,0.0,0
8430.024931368514,2070,1.2007271665544428,0.2066679341090795,77,2,56.01600382346584,918.095331720717,4.0,0
65246.77347683683,1470,1.8000279825287449,0.6426060416458973,3,2,34.12784193389437,10788.897667062924,3.0,1
53526.52623850641,1830,0.946115145764204,0.2097161168439262,51,2,34.990003802539434,4138.7830828727965,4.0,1
62506.40966818856,210,1.1955365850103523,0.0178267903899069,92,0,53.938329702188696,5555.763664523558,0.0,0
73228.46921704039,1260,0.8127384129855876,0.7509686522724389,61,2,44.67476011280792,4411.365153855632,2.0,1
63398.36718049008,1350,1.6409871492667465,0.4296646298843838,23,3,43.47065326497929,8823.527645019742,2.0,1
70838.60281892218,2250,0.9307833089194956,0.9373189928995064,21,0,63.98002813881301,5353.375707459894,3.0,1
10829.741374132604,900,1.0584240187781493,0.5289430233219715,79,3,30.277781235438283,847.1488269289606,4.0,0
59990.4595397723,690,1.6802799026318578,0.1559080402859271,55,0,49.13408153697485,8567.901720384087,1.0,0
41607.16351495701,990,1.391660060907252,0.4452766973793051,68,3,38.68415749876502,4259.311053956024,4.0,0
41446.92623836976,570,0.766767263302155,0.2008628768579563,44,0,41.223107346359086,2830.9999739054942,0.0,1
67570.73585955775,1470,0.7526822456968766,0.8692489799597087,40,1,56.34162111695038,4041.3806376603457,1.0,1
72927.58067053328,1680,1.3627927580878765,0.6839941490786495,79,2,44.09402907547548,7368.267422075512,2.0,0
53305.6167436738,2040,1.1159466164990337,0.3378264166081565,0,3,44.4595529485956,5062.300018230647,3.0,1
36995.97162617612,2430,0.9663737351942124,0.522542119579069,52,4,50.87008804771763,2906.1683367453466,3.0,1
35045.68355578563,330,1.4863127252593331,0.6627853863308981,44,2,33.620567245485375,4834.331449493408,2.0,0
29896.097105903864,750,1.0241237660609124,0.775029139478971,93,0,27.929483991931924,2578.506840553636,0.0,0
28077.528673590707,870,1.4606485796219375,0.0793457377718362,87,2,25.4622896717476,3233.2617369991804,2.0,0
30275.75286380571,750,1.205119140703527,0.0222936535752943,51,4,18.0,3193.322037448429,0.0,0
8096.862790962852,2100,0.9740954612037476,0.1133081701981909,31,0,62.674485559283866,621.2143869812357,1.0,1
7191.552266642208,480,0.9157256854424984,0.3910463470708373,28,4,24.7614996113398,602.0335567493669,2.0,0
58820.43352461491,240,1.0342327237527456,0.4620395439812711,25,2,35.34495651697074,4917.07811541352,0.0,1
34286.35762963662,2190,0.785798529615582,0.1350970139117099,32,0,34.67824040133295,2272.052129602438,1.0,0
69905.30990802961,2400,1.1197523544435222,0.4070416065206092,91,4,41.68888037370921,5819.460441031196,2.0,1
46498.24413165551,690,1.832345628218153,0.4372065584982122,5,0,47.78884655047156,6974.180523302553,3.0,0
4085.434690554852,930,1.7476345510596338,0.1079990640407118,3,2,48.32568186031695,642.4477303526402,2.0,0
13077.965586834742,1350,1.1964045080635906,0.9074933605937768,64,1,31.003070737172735,1399.524988779506,4.0,0
16627.754786456055,1410,1.4410003422981643,0.5931544683118305,26,3,35.99453943456306,1864.6068382676576,2.0,1
73216.59779264005,2490,1.4308326708168702,0.3846501751517193,99,0,41.3909594058596,8156.135381083201,4.0,0
17574.760622145164,1110,1.7444850470324549,0.5018381116374846,90,0,35.01570648579744,2749.4736077319085,1.0,0
39408.04220717177,180,1.0335481218203588,0.3110555116041186,92,3,57.28814691223991,3744.779150117989,2.0,0
70309.00447555441,1140,1.1056649865516148,0.8457877213281471,54,5,43.89169941965902,5849.065398409108,1.0,0
73323.66564870527,1470,1.1121425204947335,0.5692648911528186,52,0,46.81853343259781,6714.079797521527,1.0,1
18872.492000690527,1380,0.7990439877260092,0.489946856249608,51,2,45.95457522400895,1207.6389745104384,0.0,1
5110.14681562795,1350,1.1276254359470306,0.9017765490646416,23,4,52.0816862898239,522.9148897263188,1.0,1
12789.73469152525,2310,1.803496531905608,0.829599901251727,68,1,40.17225870444448,1730.0565432466176,1.0,0
6154.643184638019,2040,1.844385177085777,0.8046738725115908,103,2,22.43801662452984,880.3777890462901,2.0,0
15841.631720286725,750,0.8815624149222605,0.2233531121895257,30,5,42.7962554210317,1234.2986210138629,2.0,0
43289.87403072455,990,1.2996702499421176,0.1515918803536732,6,4,30.18371727449805,4183.639635997941,3.0,1
68564.98652772968,1740,1.2076186819051669,0.6831955545156202,67,1,31.65659981900292,6887.668424873537,0.0,0
40985.58795153399,1140,1.3372310359480657,0.4639558337779819,47,4,45.03636822506112,4503.807659430304,1.0,1
47510.23241738243,1170,1.4156634288704126,0.6768755858272751,95,4,52.85939685720363,5382.116316342656,0.0,1
16337.242993301272,570,0.7743105120212953,0.7530209597900052,102,3,38.25525892083274,1027.501502652566,4.0,0
60342.896119527984,750,1.7606906975053929,0.2923603722713034,114,2,41.70599615118756,8917.385513322932,1.0,0
46907.48477516037,1890,1.9183968878080064,0.2818039287915806,47,5,58.42657933562285,6889.47918651766,0.0,0
65014.05694566528,2130,1.5340857744043708,0.4859232505956019,108,5,40.88903815386282,8455.041584408806,3.0,0
71239.96836492514,2010,1.542542686192043,0.2708138203912323,14,5,69.22019737016474,9828.841082021156,3.0,1
27070.707018109533,900,1.38357582939685,0.6606223232560375,44,4,44.78611574757853,3316.0812981664885,1.0,0
8157.560802354792,480,1.151128094057258,0.7392631414219096,31,2,18.0,717.5327693836246,4.0,0
18105.77840688351,540,0.9287733890154252,0.4673185565927119,110,0,47.04009945325439,1283.381520625686,3.0,0
33681.355077174034,1080,1.4508760112352608,0.7165617679426568,72,0,42.573900618593335,3845.714532527117,3.0,1
71008.48340909879,1380,0.8039296842110485,0.5053331933800684,43,5,53.47703304899295,4598.539019067083,4.0,1
29305.77194444602,2250,1.7394030812302486,0.7057430047473391,18,2,46.0781762152395,4154.550457279457,0.0,0
58151.8312044047,2280,1.2550940393647383,0.222718565317768,93,0,36.33852819219472,6344.475741689485,3.0,0
41225.03687455049,180,1.2477050689943698,0.7314546154737115,78,1,23.30842116452761,3830.3328218846186,2.0,0
14936.444626676775,1830,1.1426050301710868,0.7079727832224476,102,0,35.4917209125677,1263.3749667937634,3.0,1
25073.95774307869,870,1.913224666438304,0.2639396499786858,52,3,27.7937545494884,3893.9706263914895,0.0,0
49509.60354917717,630,0.9599003433248626,0.5504112811297732,17,3,31.033718602343328,4147.758392084474,0.0,1
50954.72450933967,1470,0.9315693857702534,0.8467585511956576,40,2,45.06294085304732,3664.6157446766097,1.0,0
33454.84139046489,240,0.9486378018540362,0.2470274205027146,74,4,58.03885405221688,2734.527816196136,2.0,0
18305.451795665427,960,1.5402329794209169,0.7286199861745296,28,2,42.73605835787578,2214.1237640422787,0.0,1
54560.14829418171,1470,1.940274382475518,0.9444270499754182,8,5,23.649403255577788,9639.239149104056,4.0,1
13912.168558534537,810,1.0325702044821057,0.8575795005599892,98,4,43.33523201864169,1310.7915828987648,2.0,0
70345.2223520868,1560,1.8367408764809847,0.3975048818534734,63,0,52.35957783974781,10243.328145123636,2.0,1
15310.913059181035,1230,1.084339871049807,0.6011356556582571,47,1,30.68260514816741,1293.8653228659157,4.0,0
9387.458668190253,2040,1.5274799041503602,0.9818524329101768,66,4,36.391793999924985,1169.4930179893872,3.0,0
38077.10612385535,600,0.7985987423200412,0.5627530372619612,88,3,38.176258336750365,2376.227403028953,4.0,0
39686.89546106251,300,1.3447847694914268,0.1138773264060629,0,4,28.58122024301312,4631.531374607216,4.0,0
38852.179236201,1410,1.535483959534778,0.0449764472309733,52,2,45.77936520612631,5360.448320129287,3.0,1
33595.0604664047,780,1.3935837326671543,0.7824113646465881,30,0,36.54862221670662,4063.535733479417,3.0,0
74618.89462297621,1830,1.0354024618581494,0.4193920421478276,11,4,43.03438932688433,6939.57238636784,3.0,1
37241.62503128777,390,1.7441963379214986,0.2443447617229024,4,4,27.3500938663748,5279.237836452278,3.0,1
36629.07368437757,1500,1.9141638134858885,0.3441953103543375,52,3,32.75050039611907,5360.897116771726,3.0,0
32499.805609520256,2490,1.3010353148304783,0.7497991378809877,65,2,46.668576293933256,3724.843712406211,4.0,0
6411.692970557523,390,1.5131031182271044,0.4605948622774908,60,0,33.52600217489879,781.3904402822765,1.0,0
45082.31238949678,870,1.6984959220146871,0.8598144976006178,93,4,58.72356621480086,6643.301728858611,1.0,0
18255.631258403908,2130,1.0397868727461528,0.7275763328899223,54,3,33.20436577262477,1494.7579013214647,0.0,0
48364.26004683517,1410,1.7873404583145425,0.9642740089409708,70,4,40.69621670902263,6479.617886851098,1.0,1
5236.259453213071,570,1.086241086371997,0.8796187291219449,97,1,49.19108998247708,530.0212100881402,1.0,0
73631.95194209562,660,1.6809969642182865,0.252001739668149,78,4,20.979611204803614,9463.516870312891,4.0,1
35971.87330743141,1950,0.8845190789117064,0.6524686404745278,109,4,18.0,2962.2937309563326,3.0,1
67411.51981191634,2190,1.0960640440970035,0.0203376041828624,26,5,19.692124225158864,6862.577507232545,3.0,0
36453.74623262071,1020,1.3903439207278412,0.9811956571853022,94,3,53.15100924112619,4521.436800946263,4.0,0
5934.3151652052975,1260,1.379906514845178,0.2583960477145706,83,4,31.37770224929064,708.509668674756,1.0,0
61932.69563789481,2010,1.7705174213836394,0.6581471426873482,69,2,68.69839142801902,9308.37844815586,4.0,1
49141.50413053438,570,1.9453527091663283,0.8406620849875697,0,4,31.229028816111335,8666.431458511897,0.0,0
58959.14299668497,660,0.8786530150321687,0.1588600161006917,64,4,40.21461563836444,4098.892248208036,3.0,1
32970.484967902186,1980,1.0756657593900445,0.8394005493823744,103,4,56.50531943081451,2932.511286552785,2.0,0
48388.3507021284,600,1.1791178522676908,0.0121232091329142,77,5,62.07311465790947,4890.867930239275,0.0,0
64432.83177905065,1980,1.324702089372006,0.4375573667045533,0,0,62.738042919636776,6961.253399288595,0.0,1
47883.31005108373,1320,1.3426916917852787,0.467317246305827,34,4,52.50039476711771,5264.468639307795,4.0,0
27054.01216043889,2490,1.7774340757781,0.3703498061261485,68,4,50.28875030973755,3844.005841045271,1.0,0
50195.92518591569,240,1.6746711633421196,0.5805208988374947,97,3,45.110323390414194,7113.127709041823,3.0,0
50881.28286313395,2370,0.772621894845544,0.9056939252156057,53,3,47.34033291399965,3551.6351005639767,2.0,1
72103.14174423694,690,1.2960261126998254,0.3237192231572862,102,4,31.3857714040576,7229.467345710707,0.0,1
28762.055633312688,240,1.4916886058929064,0.5734672882947599,95,2,28.181613398932317,3948.11445756633,2.0,0
32743.50991228864,1860,1.302474704511628,0.8686879004858896,32,2,37.959506511068575,3715.248783944999,1.0,0
61191.03764724885,1410,0.9067743072308428,0.7652654411503643,23,4,35.95778452970086,4982.61745961916,1.0,1
38673.530133591485,2130,1.2269689004287778,0.040325932157441,108,4,32.5612634080727,4007.5945655896094,2.0,0
55638.12234400638,420,1.2439868341556832,0.9333628564863856,70,1,46.356649369480586,6154.681941020376,3.0,0
35288.64563733902,360,0.9752591069397104,0.0461804352160266,101,4,49.46366250284613,2534.959607976261,1.0,1
17338.892923233485,1500,1.657568537365144,0.5828708896305863,110,1,39.06088263550217,2578.0412519350534,2.0,1
56272.4824444043,2220,1.1356808161709722,0.5696000841120131,50,0,55.73036097266314,4737.859323955822,0.0,0
11139.90493507618,1110,1.4567847486823395,0.7785263283952929,5,5,24.29973063039794,1478.9240457635783,2.0,0
16095.899269551144,2040,1.3688762171505209,0.1469586213304878,109,1,35.676086488643385,2052.899002669064,2.0,0
47571.636234639336,2280,1.8029124950596664,0.1775766881420767,70,1,29.39813215276634,6794.045080199967,4.0,1
56424.33031411713,2190,0.8964179182354058,0.7445858634109769,14,1,18.0,3921.94124847784,1.0,1
67259.5596847844,1350,0.8871156099041522,0.1480097048875088,63,2,37.00783176988761,5288.919187454399,3.0,0
21535.10756006804,1800,1.1103836029476188,0.4647506757949832,3,0,36.5390298994006,1874.572039811392,3.0,1
9638.233007140743,1410,1.267457961751002,0.7243316093088226,34,0,56.16139691890557,1107.3192016031471,4.0,1
71769.42947491324,1740,1.1082506985025673,0.6447295094948543,41,2,45.56974021465733,5996.423777601416,3.0,1
12850.09696962747,1500,1.6658244988742923,0.2084981442519642,54,1,25.70975810804954,1623.6977532845874,2.0,0
16028.523195716003,1380,1.0443190117311596,0.3009206560992247,67,1,60.24911079601026,1555.3169431606266,4.0,0
22912.71483654723,1200,0.8517296913266936,0.9592851542086306,100,5,52.65240434630424,1694.1374780934534,0.0,0
40410.26452093213,1680,1.246559771860977,0.444183913953335,42,3,44.98517244162339,4547.298133714256,1.0,0
66387.67910350474,1920,1.6780551457661808,0.0440129016720167,88,0,35.28219081380202,8892.113715132004,1.0,1
57400.13267064522,2310,1.7706743323040894,0.2173890504716693,113,0,26.486729159318244,8828.490503398287,1.0,0
53549.58020743368,1590,1.630013818036021,0.3390107387652193,89,4,33.533518687147364,7438.400530829248,2.0,0
14375.77173741627,390,1.4194640141996928,0.98949451025164,30,1,51.06498343645024,1742.5882895852492,0.0,0
27789.673417159105,1530,1.619030042099012,0.2996646320021494,81,0,60.61503567121531,3913.610839317851,4.0,0
36662.76206737083,900,1.5676674423646335,0.0261318902947195,33,3,56.51892233926627,4876.210267319492,4.0,0
12335.80758119056,240,1.031239958994073,0.5077923617797826,57,5,32.13380693856471,1042.0499378951838,1.0,1
21597.08310631043,330,1.4109106706438324,0.0827693311242373,76,2,24.564590800531867,2402.736571898424,0.0,0
24162.49049053405,1560,1.6747311991661182,0.2713269227087646,35,4,39.690634962934446,3589.506228786073,0.0,0
10854.800577184384,2370,1.130544794250166,0.9824593443329998,0,2,18.0,955.4703809661472,0.0,1
41942.61735525694,1350,1.5347677760603178,0.6975921337408528,100,0,41.87801257021738,5611.993441045601,3.0,0
53319.57244452818,1200,1.3277765130225585,0.0501599629900416,87,4,36.22876896441598,5522.124403054887,3.0,0
6639.974913549299,360,1.3537906211340238,0.444199851405878,14,5,32.407561977581096,771.6268451345801,1.0,1
36862.54797959151,1740,0.8580660453385917,0.1699211375025608,45,5,18.863563192798456,2792.1792501828463,0.0,1
58992.52285218293,300,1.5494605983664558,0.1217152098381,31,0,44.1632012788366,7102.987729915727,0.0,0
56477.274478004845,2130,1.788824442425424,0.581194759215314,117,3,31.607589924057063,7529.833746276003,4.0,0
61407.87257207843,2070,0.9197175456310354,0.5005993307438136,113,3,23.960997971476544,4289.654942132972,4.0,1
34445.68653803962,2490,1.1893267946597392,0.7354379184723532,82,0,18.0,3500.779429106946,1.0,0
61810.94557402976,840,0.808400945809002,0.883383165949541,52,5,37.66982113939236,4513.225186888285,0.0,0
19195.35073424881,540,0.7855582631716693,0.2442150388573453,6,0,59.26701916003693,1119.3684025656348,1.0,0
28019.576264187377,870,1.9375901960060924,0.9137620667888432,29,1,57.93511057457444,4778.448262582549,4.0,1
14462.134866708397,2040,1.3421658099676614,0.5128118548285545,11,5,32.514844920964734,1555.9466280387046,4.0,0
35860.11364800003,690,1.1766228223622957,0.256246569003266,94,3,30.773455275658637,3498.0329388424884,3.0,0
30316.41164753508,2250,1.0798524919500228,0.8373279797215832,10,4,43.62529107290028,3008.898057532645,1.0,0
19208.143056451947,540,1.9260151739339508,0.0351746188487322,81,2,26.019374729740505,2958.6063774402364,1.0,0
56755.88212846244,270,1.0527009426260203,0.5539142836982309,114,4,41.62150279783359,4937.493954229275,0.0,0
24567.737750206023,690,1.620850074885292,0.7144053196796669,36,0,47.19296334061629,2931.075613287079,0.0,0
21551.118265718924,1920,1.0905097149671206,0.2771779102845818,82,4,52.723198686611696,1761.8124604135226,3.0,0
11120.439317511387,1560,0.834587406428303,0.8548569983875857,105,0,36.798151082240565,728.6047584577088,2.0,0
33753.395082443225,990,1.5699319374215297,0.237881717724405,51,1,35.55591499787641,3915.490517022789,2.0,0
23767.90021954169,1710,0.7519570171558378,0.8314755399044217,53,3,27.46420895892127,1536.3298970412848,2.0,0
28641.55383856119,1680,1.5608982138726837,0.0777595141941326,24,2,28.07743575152168,3659.736341257116,1.0,1
18845.79880261062,1470,1.0504519187877877,0.158328315949747,51,0,35.28225329718168,1668.7793578228582,1.0,0
57591.92850176268,1380,1.6453250784858016,0.377174738062889,104,4,42.40838608179413,7279.861667102179,4.0,0
69855.24603057172,390,1.6737002008207793,0.8455149576701975,79,1,48.963015514799,9265.882374829482,1.0,0
38097.99117998324,780,1.6189286865810455,0.1431395114755146,24,5,28.361852591835863,5341.914661071814,1.0,1
48760.38411555119,1410,0.7793801297611325,0.866683857396299,63,0,55.91226282751426,3520.563028470143,1.0,0
65237.162330592895,480,1.5944839435725222,0.2274342113466657,84,1,34.74651678748918,7732.991236820466,3.0,0
74913.97834402391,1290,1.938174736866916,0.4479833146085834,9,1,37.743592467818765,13233.346161386506,1.0,1
46593.46162764266,450,1.0411504422307474,0.3492070602177344,91,3,29.03345985022612,4117.158308055765,0.0,0
66898.79079068036,2010,1.0790862866704063,0.1169449643483783,24,2,18.0,6108.083829301871,0.0,0
68282.70612183968,420,1.7262318594966477,0.9348666421239488,35,0,48.6085447563326,9823.305192177208,4.0,1
59671.68435386024,390,0.9424761660672968,0.4337965078446913,49,3,46.8421267651092,4202.256896110482,3.0,0
35378.4572438736,1650,1.5427004106054618,0.6834279487426326,60,5,34.62406931458144,4100.519728882114,0.0,1
7464.819031156599,690,1.656031653000694,0.5695149998973909,109,0,38.80388860669847,1055.1141536778014,3.0,0
2661.708324849837,990,0.7945927941832286,0.4966987576836853,26,1,44.1912706124492,169.5204840569663,3.0,0
36574.24654629496,900,1.4145145131182717,0.6104118473212805,30,2,19.24944971736149,4742.979166172122,4.0,1
37832.118214794406,660,1.4410527102430597,0.8893588831404047,45,4,31.651367871844464,4441.322956060615,3.0,0
31441.135507928466,1950,1.1141314768701531,0.6923192519371685,102,0,47.53117615546192,2669.2160329212725,1.0,0
43260.300319915295,1770,1.8016136032770207,0.5271552786606689,115,1,22.948526921969005,6829.55874096491,3.0,0
42083.95869287539,720,0.9452996631598276,0.6387341010593166,54,1,41.52269518599955,3150.7465794458285,4.0,0
62991.058515902936,1770,1.1870336514070323,0.6003303377039313,83,3,21.721018344519138,6269.131757302241,4.0,1
9486.297089776286,1830,1.768402424576795,0.4287899954114499,110,0,43.59715978920232,1464.341134843593,4.0,0
18050.55845875759,1440,0.978771307927191,0.6185163700291458,101,3,37.5723022124302,1613.7129986495777,0.0,0
59785.86595353283,1530,1.73564896359321,0.4391341021625219,81,2,18.618418209133885,9253.670712064366,1.0,0
63816.00974093861,2340,0.8448830128415469,0.7500382340931931,64,1,51.97687225348606,4683.265962775201,0.0,1
74619.57970113379,1230,1.3370748806279882,0.9592233586870628,118,5,29.184901078423408,8672.777582418175,2.0,1
65659.03320445068,1080,0.8403967949348441,0.950266703922257,28,4,28.276970755827428,5090.422657943293,1.0,1
66907.57701981632,1440,1.563484302073817,0.8125284285607306,43,4,40.40683036677132,8290.239676028885,3.0,0
24604.573783298005,2130,1.6987217868667202,0.5957413080888903,85,5,51.783648193144586,3065.993502120073,4.0,0
31022.13009968916,1830,1.769830257896163,0.7418386681900331,2,1,25.81013817225924,4324.913674318266,2.0,0
21204.255204310502,330,1.9275147008927864,0.1762678123049788,60,5,38.740158198175656,3175.355342540516,1.0,0
46063.0057671646,1230,1.556418866759504,0.4742282727407833,102,1,43.14579800396688,6206.493479958193,0.0,0
70502.19353421732,1890,1.6728742966080243,0.2547317173414506,21,1,46.31726728715773,10143.8447026887,4.0,0
26831.105158603903,690,1.3569099339855952,0.0034600312982536,96,3,40.1172986633267,3102.00313351134,0.0,0
42439.63096828659,2490,1.845284281417352,0.9570701989253552,49,4,33.595665931000134,5768.408337011008,1.0,0
23278.02283833115,2070,1.5225100586393552,0.8552100762333229,103,3,28.068917352215365,3115.5812297038706,1.0,1
13980.298072294,2160,1.810261687501612,0.5085616322852275,76,3,39.0337265965565,2019.6779923897875,2.0,0
15846.136441671191,360,1.032542420416657,0.2516107652378167,18,2,25.13433185617272,1417.4962945888587,3.0,1
5758.98282355255,1530,1.3460853368616772,0.6860454580972443,88,3,18.0,654.7788738900947,0.0,0
71273.07394118042,1410,1.6257827052765648,0.4304530737044282,6,2,43.23871764989201,9291.741308760787,2.0,1
31111.651225310776,1620,0.99326610547522,0.7953160380884724,29,2,48.84721809303434,2349.331483690421,4.0,1
62807.88556215495,2160,1.003607751914374,0.98952292907914,106,3,18.0,4741.561518206446,3.0,0
51577.716242692295,990,1.923651288486765,0.3455917814149714,105,3,25.88323154348075,8925.97703051946,2.0,0
15606.205363714776,1410,1.2715324328846471,0.2419590130432672,5,1,45.429851132062375,1819.701601252504,0.0,1
14396.475123562956,1740,0.968178543508526,0.2647086639068106,45,0,62.68994563654039,1203.285849079777,1.0,0
61181.13281102505,1920,1.1477566583778072,0.0924127832238652,11,1,38.2495244921049,5294.808902039983,4.0,1
20956.310730535995,1980,1.2268513779191106,0.3901057345351538,32,2,29.263964705250388,2092.145073486681,0.0,0
68626.46100209522,960,1.4977023089642654,0.0172508021897402,116,0,35.80524270674192,9035.784043873002,3.0,0
11794.072244677562,2490,1.857617590857303,0.1132516018272628,23,1,54.49851702977821,1948.3508938519071,3.0,0
51311.58316240351,180,1.9339080911065087,0.2689787897999436,76,5,30.248429850505577,7511.626098624944,1.0,0
61363.82988827364,1320,1.532038510693335,0.1582641481503859,96,1,28.40969592019696,6894.252799163047,1.0,0
18791.344548549907,1590,1.5899068329572696,0.7248375085057179,105,4,32.20707773381561,2616.4654524688367,4.0,0
21801.241214057605,300,1.1361950036359068,0.1045487429592213,42,0,26.56005670089545,1993.1615341299264,4.0,0
72392.13813123132,1230,1.778590314538499,0.8573341639742794,83,5,39.47204379193754,10097.423161476008,1.0,1
20947.92399294264,1560,1.0113580022643778,0.2189033586738433,58,1,57.496141501634725,1559.0939184980305,1.0,0
33101.84316765351,1590,0.8776567791731611,0.107504710801852,12,2,41.87695127739235,2444.4203682285784,3.0,0
33289.896103313906,450,1.917907188117181,0.0100055779869459,26,4,34.97175797448455,5768.975521390017,1.0,0
20098.05411983174,810,1.7869664121846387,0.7080529542789249,89,1,34.498264773013474,3321.5916433050343,2.0,0
58520.64485312615,750,1.11437416144576,0.2540505784791566,82,3,19.241710295640114,5520.240896799657,0.0,1
58230.92672734291,1650,1.5602048596572589,0.5044036190863971,62,4,48.59731732576591,7597.291433393511,1.0,0
29306.374045448243,930,1.3104220288958397,0.1104998862054341,93,0,37.06595363584638,2881.60229240284,4.0,0
62881.745644433926,1500,1.137753847374565,0.9754429640038867,82,0,35.834241036912495,6031.926733194611,2.0,1
17161.007678326674,1890,1.0941290529123535,0.1241308916792557,40,4,75.0,1519.62530977198,4.0,0
1816.4745115743808,2040,0.9132329342650878,0.4078066673754594,35,1,41.58503490038824,141.79315364312657,2.0,1
43480.80111109697,600,1.409181698731007,0.8431330073111213,113,5,28.978507398857783,4969.669136329197,1.0,0
74564.71627524983,2280,1.2859160281410094,0.2424380789956027,116,5,32.88370884553348,7492.307327133486,0.0,0
4340.356772276018,540,1.3646237043599332,0.2643020674927116,3,5,51.781348510361056,445.5994393363028,4.0,0
16787.85841757185,210,1.0084286009752854,0.8004145207318255,94,5,39.35924492645317,1348.113481834496,2.0,0
39640.22622280069,270,1.876332804927897,0.2706062606200926,15,4,20.7406642601916,5598.170988987993,3.0,0
61030.64412869799,630,1.5163094355966498,0.0028425979838648,103,2,49.03074721490244,7113.77067012897,1.0,0
8044.587373016412,2220,1.829520788860004,0.4236345832850503,70,5,29.982270973532074,1369.9280556279953,0.0,0
30549.747051278733,660,0.8811253992393066,0.0124098575816902,82,2,60.47957331461055,2213.08725312316,1.0,0
56410.071346296645,1800,1.4974211590274098,0.9006943609910731,84,3,50.96057678857578,7092.980130646739,3.0,0
28808.425817867574,1140,1.7693541823729932,0.6353950919374287,72,0,32.632137252094985,4628.57637208847,0.0,0
15379.476904959463,270,1.14710493577736,0.5771841235590298,30,5,53.37219634082136,1645.0114363135326,3.0,1
15868.943313649168,1200,0.9841718029631836,0.1995736157537394,96,3,38.81426612632884,1327.3168452165942,1.0,0
31638.58583825208,240,1.0680255669667436,0.6929467235743499,66,5,48.23328410146664,3027.076472105523,2.0,0
36737.154998233,1290,1.0775204720997589,0.6704820972415623,65,2,43.8167938075337,3161.7421320723647,1.0,1
64843.35970947703,1470,1.2866387579082423,0.0598589381861112,38,1,27.84372014010952,6628.362762161219,1.0,1
48705.552764747525,1380,1.1411563233351978,0.8720380655024668,1,3,30.277402012190457,4523.564985594176,1.0,0
52244.54365688936,840,1.0755288872495896,0.5736192293005075,66,5,50.35952981097394,4876.408433749993,4.0,0
73749.55710788917,1950,1.5282147580861656,0.7845422122282241,41,3,33.98269601472151,9802.775673383776,3.0,1
31770.49286212157,1560,0.8136388460062614,0.2602849314075557,79,4,33.15621844109604,2058.62213230756,3.0,1
31146.54863881093,750,1.158436533767676,0.1208273217559196,43,1,26.538529047807764,2742.08973285716,3.0,0
69366.0021278472,1170,1.57770235912857,0.6954250774549168,116,4,43.08318878712153,9409.694793906216,4.0,0
19571.85564487181,420,0.9610196991372072,0.7859438593926105,81,4,62.75029903091774,1427.5956462093966,2.0,0
55141.420603260696,2340,1.0151134346554949,0.3821731982830985,54,5,25.189605028948726,4752.438449093874,1.0,1
56961.1256590329,1920,0.990799950495501,0.0234553525631481,84,0,38.2906334800731,4921.413644428158,2.0,0
8687.417812240066,840,0.7511113280776859,0.8100714844073259,77,2,54.94664666498515,569.9488355432684,4.0,0
35915.00831847842,1740,1.3185213021978872,0.2040329672671362,74,0,37.04430330505142,4186.287227811942,3.0,0
16241.34164213422,1740,0.7967505472993478,0.3356416224785133,69,2,43.42846155499681,1174.856392887457,1.0,0
15125.082550982695,1590,1.07752777412988,0.6219486976993589,111,4,25.25127766223744,1358.1280111606557,0.0,0
35591.3661190214,300,1.943764109510366,0.0989551720191897,38,3,43.13968516649178,6083.680069588191,0.0,0
22773.08350184277,2220,1.85207545366836,0.0712758084770785,51,4,35.754268819945416,3615.317166772804,2.0,0
60010.44290050151,2400,1.008090969787601,0.0254467338595215,30,4,49.82875994815836,4662.191618072936,3.0,0
68208.95951720046,2430,1.1220029182967193,0.9074734616370608,68,5,52.248632618777016,5651.56869160848,0.0,1
60499.96448869487,2460,1.3064454987222618,0.3082689168259691,118,5,69.07476370422336,6246.062282930225,2.0,1
21053.2691376924,2340,1.763296255991092,0.6540522269659605,73,3,44.95559807856291,3051.300521210375,4.0,0
21648.87793611272,1890,1.7131751296717093,0.9793428965275648,24,5,41.909555798986,3177.55852521761,2.0,1
20222.533733633856,300,0.9014897238795386,0.662756285626324,110,0,40.332611618928034,1646.7985453392143,2.0,0
11425.300060133352,1260,0.8993386180180225,0.5198438478976182,94,4,33.76200448627174,793.8449945583329,2.0,1
70869.18005562277,750,1.2500787046728536,0.5157107341820661,52,3,42.06180612154029,6719.2048113723295,1.0,1
31050.5131645446,690,1.7941144675365264,0.3731479769709961,17,5,34.45518307833164,5158.740347210673,2.0,0
18014.67637912172,2100,1.8085019989146027,0.5937818593955344,48,3,40.02153171523537,2459.569994554344,2.0,0
63730.3222123559,2070,0.8788390196238363,0.9492034756502472,96,1,53.81117042729552,4643.29741637801,1.0,1
30840.8547453476,1380,1.439156745558662,0.780163593361327,69,4,25.921489216644307,3774.6899665780734,1.0,0
4081.0856165604937,1890,0.9368102365501356,0.4199843508629051,22,5,51.67854273354855,321.7638878414823,4.0,0
13402.705413347892,480,1.5733551720033394,0.3291203807422079,19,0,53.80538080807838,1582.6794046291695,3.0,0
48484.90001617849,690,1.849719897514688,0.8746962143268902,116,0,36.583177676107056,6679.076294777077,0.0,0
59043.53765162171,2190,1.2957231509707123,0.1344279673703278,53,3,18.0,5771.697349646485,0.0,0
17003.677553920403,1230,0.8496993296304618,0.8410894043946587,82,3,30.70613615486681,1228.732558336434,2.0,0
68928.57581106146,1440,1.445105035073455,0.252525993728909,43,3,53.56393455873331,8389.095690347642,4.0,1
64048.28832383409,1260,1.2402200041630256,0.7084729434181586,10,0,37.725583252413415,6196.496857341889,2.0,1
63855.98542348945,630,1.7230785028007525,0.7981583749670818,49,3,26.00837321246107,9472.255658581307,0.0,1
18233.09428974224,2100,1.1584133567116652,0.4722265520908378,83,3,31.942700945261397,1895.3275218646536,1.0,1
5214.395165779241,1950,1.799876640567107,0.1903611363808516,40,5,48.08744031805463,696.0575842662674,3.0,0
65255.6301519699,1770,1.0784404891617418,0.8363200660277517,72,2,44.56080281841655,5861.894063016213,4.0,1
23976.316812284706,990,0.9390211630664232,0.3638332616027816,52,2,35.13281480996367,1961.432785396385,1.0,1
46990.35401625416,1680,1.1177764527822958,0.3174734578776941,40,0,33.598107058223746,4116.864378837319,3.0,0
57357.56595200366,2400,0.7918989501872958,0.5049160205299051,30,3,33.298902211474136,3610.490077546228,4.0,1
10929.554500567332,1680,1.0874951602490897,0.4307353786928785,31,3,26.93107778601797,1017.5001018422404,4.0,0
58891.61905715002,1320,1.5421411606584368,0.6762216948683369,30,1,57.3845082736333,8291.069032416555,0.0,0
70480.59223363834,810,0.9207395742679108,0.1358258302889387,86,4,34.13215436946392,5810.102257181298,1.0,0
55035.55998236106,1380,0.8836379673439055,0.4313327575073942,40,5,52.60590224990596,4133.48082508877,4.0,1
33929.872013321015,1020,0.9088623495052204,0.8827847931129519,88,1,56.25579262306942,2711.78822720252,4.0,0
65935.84319825016,1590,0.8430620091137596,0.0357020823453281,37,3,49.97973077777552,4482.048720753495,3.0,1
40268.135810333086,270,1.7995624942115274,0.4527649498217931,39,4,32.82055624738342,6243.053658765978,0.0,0
56240.66319453143,600,1.8829381385958337,0.653926646721358,110,0,42.84476108403931,8753.18164505145,2.0,0
61807.1868736074,2010,0.8058733820745435,0.8788339761715654,105,1,37.709652723309006,3841.852587231309,0.0,0
56577.43533487694,1050,1.6620861378522482,0.5878483646638439,48,2,27.15557767123846,8215.79642568258,2.0,0
22657.333389539315,1170,1.6345820960606372,0.8162394285269352,32,0,41.89231138065924,3128.096288742148,1.0,0
10161.526716578584,1440,1.9462913095320484,0.2204641087696935,85,2,23.851522506082368,1592.185952312069,1.0,0
19017.88190811142,1200,1.1674447940652817,0.3492813418655809,8,0,52.252152661538766,2032.847681642406,4.0,0
38461.30786805596,1950,1.0926107900284994,0.9327109511887622,54,5,32.42459243241928,3099.2986539934286,1.0,0
38637.85378854255,750,1.2936985449717926,0.8771153619617594,71,3,40.41391587047407,3981.303645921992,4.0,0
44324.359674618514,1950,1.7778902125790286,0.5523734528618175,81,1,41.399454458553706,5868.598108606393,0.0,0
30539.985059769977,660,1.6243123710454783,0.4707334544168968,12,4,34.89314031555107,4398.302577890512,1.0,0
59336.51653657704,1020,1.3159485767610033,0.4465567175399139,0,0,45.040325617703296,6822.610085833452,0.0,0
68616.80065051977,1530,1.0434754119430478,0.0582017649513458,33,3,32.301156120529704,5725.158592104252,0.0,1
19634.291430741137,2250,1.6224188895220453,0.8834533329170012,14,4,48.45556756948693,2766.5021024466346,1.0,1
55634.45650108877,720,1.7754322416506354,0.8099680133311822,60,4,21.848243837039018,8025.690876054769,0.0,1
51330.931162060784,1530,1.2299414772809891,0.4516886332805884,110,1,39.51655495455695,5584.736857677223,1.0,0
39947.15169702965,330,1.5523025349851811,0.2766455729922786,34,3,61.26714798869942,5110.683922835156,1.0,1
15356.972189750775,330,1.2302544254119177,0.3394914003622652,54,4,25.996024104733102,1541.2692975687023,1.0,0
59949.57100582915,1950,1.3241921257697815,0.1219289800141605,25,4,29.86706035370178,7305.614334466852,2.0,1
72106.0319937192,1860,1.3798924559458965,0.7145718438926654,5,1,44.16689419590698,7795.804000445036,0.0,0
54554.97041917059,1050,1.6808709768267334,0.5511031579893091,84,5,40.15498138327518,6945.556970507873,3.0,0
68962.70975199145,1620,1.923007180954717,0.231762388596646,30,1,42.20756119128271,11275.55053436744,1.0,0
73837.61697367798,1050,1.2832393951658787,0.6167755163569127,65,2,43.87024556177196,8785.3223143572,0.0,1
27375.72455658401,810,1.160778007497127,0.9694379121124248,81,1,45.61665762274124,2570.456511322476,4.0,1
48409.43114008576,1170,1.1983092077668696,0.1211711841214174,100,0,51.31639810347468,4326.001977661097,1.0,0
36334.056216398734,900,0.910666883250218,0.4539001605190745,22,1,42.91782388314215,2651.0097519453857,1.0,1
74017.21289444741,2070,1.106326485381267,0.4892172327129054,69,0,35.10490814457749,6833.648114896991,3.0,1
8394.875064567781,1140,0.8537368959225675,0.1651292416855644,109,4,46.070884414432776,548.791160132421,2.0,0
31809.556200846007,930,1.2634731158150965,0.5262644088873416,58,3,60.798583218742586,3476.2941280609275,2.0,0
65852.11977275186,1410,0.9508287231732586,0.5999174859626091,4,2,36.40839504340912,5841.163050721313,1.0,1
22377.77132369889,1950,1.1656880951692905,0.1557710934303103,31,3,26.305648343952303,2148.613802813854,0.0,0
59402.77452195714,810,1.7022932992699276,0.1531766600187876,95,3,51.28496803144368,8132.945706320627,4.0,0
29634.5624643488,2370,1.0451131807069631,0.8477852284774184,95,1,36.55542603255682,2519.44922432491,4.0,1
73528.42268192663,1260,1.4842735456104827,0.3082735623033444,37,1,18.0,8254.66066715962,0.0,1
66439.4429771425,1710,1.831417703098336,0.6240300532078447,23,5,48.16906012580506,11072.586495137806,1.0,1
23647.046288202226,2400,1.430315024435456,0.620505344918462,35,0,31.576061768552925,2760.943896183295,4.0,0
58109.19384503235,1170,0.9825511353268952,0.8307791668268086,29,5,36.91360061235007,4629.215942338486,2.0,1
26258.955971745247,630,1.1637194327591451,0.7324956849192082,88,5,41.98376396682818,2644.101269387356,0.0,0
46067.66875584183,1920,1.4584430486208793,0.832170669103895,100,1,40.2859961573488,5521.03051168496,3.0,0
49898.33647690696,180,1.3579333677118242,0.618962641754159,5,1,46.51342180566847,5847.433235383857,1.0,1
62475.26256779931,1230,0.9283438035322844,0.444962588908854,88,1,32.77416355316188,4324.5008923965,0.0,0
3297.136804828094,2460,1.2861556136286827,0.3896308560999439,90,3,44.157269578113,379.9936163376434,4.0,1
17681.604999694027,1140,1.401680033892298,0.3752394689948214,73,1,34.885439868993,2283.677973874712,1.0,0
53825.95907826054,1770,1.070799257349087,0.4142091669300662,104,4,46.86572577065004,4974.553624533683,2.0,1
42918.957917261,1380,1.4849346184078225,0.1280161596322326,4,2,45.38440980815664,5890.39371888723,1.0,1
37926.973247784015,660,0.8341921193822518,0.4197187872931353,83,5,26.774735575464856,2415.969496432197,1.0,0
5557.931818036564,900,1.15392844027862,0.3855504581305949,15,5,51.03178539410039,531.55782751195,2.0,0
27098.277434417032,1380,1.7151321993330892,0.0342259466850491,107,2,31.568438658631425,3967.727706970805,2.0,0
65084.86704543265,420,1.0611417610897864,0.2723794477730766,59,3,47.69669357937374,5868.257508182442,1.0,0
3770.623522148365,1140,1.4762122200036938,0.7443879049928147,10,0,42.40744776081609,452.8836279414881,2.0,0
30638.06329931369,1140,1.2420356564523742,0.5721661156955291,89,0,60.05820412154147,3047.901272800149,0.0,0
70968.39914380178,2130,1.129752170898296,0.7981058217884699,89,3,35.31840821153777,6082.991526292147,2.0,1
5239.733989058575,450,1.849358025492032,0.5372611639369572,55,2,33.80819844658163,786.5313835875537,2.0,1
56603.372701780805,2130,1.1619140616964605,0.8455429278205148,37,2,37.76696472934721,5036.96370161224,1.0,1
20434.52728937968,1140,1.034011081784422,0.7881064286056996,2,0,34.3618426059887,1859.834693272316,0.0,0
65195.74916329493,1680,1.8411615787683249,0.0973017244408246,108,5,47.5993028233046,9303.977508081422,3.0,1
56335.99645351333,1470,1.6451332271229775,0.9672363043358324,22,2,18.604272698760944,6905.106348060189,3.0,1
66599.33005808966,870,1.5681596564378368,0.0145999724323154,101,2,25.355810970243752,8812.579239913326,4.0,0
17370.472096698053,2340,0.8094419304802509,0.5908696575503224,70,2,25.18636494104968,1198.478379655498,2.0,1
40550.017479167465,690,0.9074459528589308,0.7845863942235947,82,2,49.40369110368291,3340.117758311535,2.0,0
58776.34085274785,240,1.5160079565715954,0.3285751984523944,83,3,58.52736047098311,7562.639580521826,0.0,0
19558.931110131103,1920,1.0013194038315123,0.5925840943741864,102,4,36.74660937755034,1571.5370990011088,3.0,0
18459.85343714045,1620,1.0207655827564308,0.3585013055389738,4,3,35.974139321719875,1684.4594212868367,4.0,0
3497.886812072499,2250,1.6849662184123329,0.0600088252574268,118,0,38.84062595735818,495.8996913368177,0.0,1
71950.87410719575,1230,1.0931099386043313,0.0083769038984375,5,5,51.94253963129829,5892.390705254935,2.0,0
53686.24068401482,210,0.8359047625822992,0.0939134098100764,119,1,26.871762389713112,3798.818320461943,3.0,0
48213.68601974859,210,0.7937183367718333,0.0974254981788463,31,0,40.86042779281742,3501.289004345157,4.0,0
56183.61211808183,1170,1.2818135846943457,0.6047808796198124,101,0,49.70237155738916,5852.0648694586525,1.0,0
40573.5495241148,750,1.4905542932215752,0.5206065786528881,10,4,44.01313003927815,4793.40412712921,3.0,0
36495.83585014516,2310,1.7926622800701637,0.4509086671714106,55,2,40.27497939918492,4985.540890131188,4.0,0
34540.619722578784,450,0.8829652740391671,0.6850022608463934,65,0,50.0125531108057,2328.908521000319,0.0,1
48572.282089617634,2220,0.9860073915459556,0.0166578756423239,114,4,18.0,3926.657422990752,1.0,1
16312.820691340165,660,1.3857607330889654,0.2682736466015736,14,1,46.13450383437089,1927.0636536459087,4.0,0
66772.31408359292,450,1.18693003469037,0.7696188039747516,4,5,30.15109180247092,5939.746743258675,4.0,1
61163.79928461599,810,1.3290449414945935,0.9008773354519471,77,5,18.0,7488.765508471198,2.0,1
27192.92544172449,510,1.8589495787810584,0.4339532302752057,5,0,44.134431194299765,4470.464610162827,3.0,0
44027.78331572054,1110,1.4038699846376246,0.0806691403370817,93,4,54.48390254195549,5257.85687036155,2.0,0
11865.506546326074,930,1.2481447327344912,0.790741451836203,4,3,36.3506178244677,1331.4384685062723,1.0,0
72967.44922311946,1410,1.9373278880396936,0.8763187289400063,116,1,49.43449456643526,10593.244453336918,4.0,0
67862.61254082584,1410,0.8282588038794436,0.4095236679867822,63,2,57.34733909586375,4657.947140122612,2.0,0
69259.46672769124,180,1.8685361380454064,0.2409217013810742,113,2,53.77897344300857,11121.20166777643,3.0,0
25913.984006203693,450,1.3519942104785796,0.0435319515407158,15,0,57.67957435245671,3149.9204437855738,1.0,0
13931.400992639898,540,1.3545076053205656,0.5851719936759073,32,4,46.9055298928627,1679.498197636242,0.0,0
17065.25401477381,630,1.856357201043851,0.9007707956568742,54,1,38.90520366681911,2498.68854300394,2.0,0
8115.102241814105,390,1.3587887755116834,0.6711091452651224,3,5,18.776410257233977,1016.1216405894148,1.0,0
10328.13131245175,900,1.2760885086361786,0.314076111915787,12,4,35.04725014244062,999.2813032402306,0.0,0
6740.883262586136,1440,1.0769863105406388,0.6364594410470672,39,3,27.8810408562057,659.454776350691,2.0,1
74251.9955865582,900,1.540580120180905,0.8237477233735452,88,0,64.05131260997376,10610.023608880054,1.0,1
6943.2397276269085,930,1.433574109175714,0.4710717587559633,85,0,35.88937025081196,765.200717285716,1.0,0
11241.8429499289,1260,1.0072145243373396,0.8115510050978602,10,0,39.47845768141383,993.8678060185892,2.0,0
62303.21277591913,1440,1.6012954980735898,0.3879905798996906,7,2,44.61782451248561,7396.545020266064,1.0,0
44147.65593060632,930,1.5229042288039687,0.3450206218098129,78,4,38.52322935646944,5475.547506857072,4.0,1
58419.66453584593,690,1.226800661047849,0.5771587396197685,43,0,58.34061248516903,5995.78050348793,2.0,1
47872.03257129014,1110,0.7552811062842607,0.4600395535175364,95,4,30.528207659186577,3071.387676751286,1.0,1
66339.86766917768,210,1.2858973802114253,0.9673408012564724,35,0,40.33528946284692,7852.618712583606,0.0,0
48427.36329070843,1320,0.757269740556302,0.511225529292893,43,1,29.09035297162342,3182.385600875205,0.0,1
39876.19432838159,2370,0.8399981871588478,0.3813203086268613,26,3,22.15972986535153,2778.785329823406,4.0,1
53887.10249145553,1110,1.266731882977001,0.3909842076972509,31,4,30.65877090913657,6111.147423792817,2.0,0
34383.36725672005,420,0.8483038610223932,0.5424605511069854,84,4,37.55555843541906,2693.4473102557517,1.0,0
26935.690983498,1830,1.0807985205445996,0.3513629176281134,56,3,32.84837330579288,2147.7318494188285,1.0,0
35872.455255090616,450,1.536589642270762,0.7156775359452866,79,0,29.69094824151373,5125.380380142307,0.0,0
13973.986724744207,630,1.1203384111313028,0.3768562984246245,9,1,21.124190435937997,1175.0458956564446,4.0,0
60048.02214049782,510,1.9471783129458125,0.3803029426599906,64,4,37.00273312845566,10478.872364275854,0.0,0
20661.72792819193,2220,1.8495624406979767,0.6108035168830366,55,0,19.94335551162797,3016.705494293083,0.0,0
12784.568655772988,2460,1.4523718855026284,0.0602384039690498,109,4,47.12067156427523,1410.7356266128313,4.0,0
19606.88977106717,1500,1.9103365663619165,0.6488013689339946,50,4,38.98927703521404,3076.25815419907,2.0,0
63392.156155259625,1620,1.7916207533190265,0.4999224949871002,12,4,20.509382006420832,9791.55506097888,1.0,0
25769.795226433256,1680,1.1326782226085843,0.4484958531437752,83,1,34.28949107540164,2362.9094943703667,2.0,0
51924.665408683664,1590,1.6495154951823712,0.7120604608008718,17,1,28.974123132913,6374.510746628467,3.0,1
64446.10785319684,1440,0.9141981408047368,0.7506732241848124,109,1,41.830094125030165,5026.907400319092,3.0,1
7214.233018990595,2460,1.5714617092544891,0.8377982547783347,46,2,54.08540535227773,1035.9809537736294,3.0,1
57729.29378058616,1890,1.3392981917934963,0.3710550896092728,94,3,18.0,6262.473423610752,4.0,0
24113.411778858703,360,0.7701911271033897,0.3237673153308473,78,0,39.38031294976901,1442.296327528696,0.0,0
17421.743767527136,1080,1.0790757868684449,0.7071986804795742,55,3,36.07840645320032,1545.0249473506815,2.0,0
52134.256755293456,2460,1.8964586608850984,0.5759868105490414,70,1,46.05608091740559,7346.133474268529,1.0,0
68370.05177089268,1110,1.1289977821061767,0.6254835308882984,21,3,40.55835953885227,6927.23613929314,3.0,1
23183.911840361063,630,0.9677453463617288,0.549967678034777,8,1,28.97636801913417,2016.1133496407435,2.0,0
43309.28469574745,2190,0.97503773588665,0.764966092971816,91,5,34.17135277200058,3593.3375747111845,3.0,1
22802.80736793763,1620,1.3250559175703387,0.1881404796072316,115,1,28.44768971835813,2429.14632762014,3.0,0
42239.99055089246,1470,1.761179088804642,0.5501550114139828,103,5,50.91208566318318,6645.379814354176,1.0,0
47206.85925309403,1140,1.6596021181600158,0.1565207710541935,36,1,38.25573978406331,6614.405632934087,4.0,0
46359.65107607821,450,1.2742224090453291,0.403179419898082,42,0,60.81428822903609,5307.781623240188,0.0,1
47330.65816874182,1050,1.0004722601243523,0.6573538851819141,43,1,37.27207023422455,4070.5836044493008,4.0,1
11428.36472798802,1200,0.8052778801226294,0.4881408922310287,84,2,29.499118797074445,819.2651678726872,2.0,0
52475.224514623886,2340,1.3051563833792772,0.3757956213054594,74,5,19.835427288646077,5842.372903700007,4.0,1
51094.15119394641,870,1.7277304182218298,0.87612030140145,95,1,18.0,7204.822694557157,2.0,0
51670.22698294091,510,1.6256183923131764,0.7650974573525036,113,4,18.99036868393412,7768.985672079146,2.0,0
6944.185626294915,1170,1.2403209211527004,0.5210278771503712,47,4,41.2055198121378,724.8338422490657,0.0,0
34342.65491744022,2490,1.4636432063011204,0.940552624118733,79,2,44.1047002787592,4294.430116516147,1.0,1
31564.082205361134,1290,1.2734958251354611,0.4201216365406439,60,2,19.0257115756144,3125.017602186268,0.0,1
7873.294047775136,1050,1.4448193317482132,0.780192198312225,114,5,48.74045976891338,976.5440666147306,4.0,0
17844.042700415586,1740,1.3710062932722589,0.1662568774034037,42,4,32.203267379798724,2073.72784963528,2.0,0
33910.7534371557,1680,1.567159920150191,0.282934552339491,22,1,39.76151614382659,4093.654861200921,3.0,0
56103.61377456904,870,1.3592506122397487,0.3347047255206152,45,5,57.34664753906509,5683.19812979228,3.0,1
18924.062658372743,2430,1.8787331978010704,0.104762545177478,74,2,48.76207179038639,3036.978353262435,2.0,0
62486.618394180994,1560,1.2636338178980235,0.4967867669253072,114,0,34.77763222513001,6996.440922594953,0.0,1
41616.17400185056,300,0.7690995636476531,0.1903375327852307,99,4,27.305693295016557,2682.228583606098,1.0,1
57390.993861069386,1110,1.0336482424907814,0.627844030555162,2,5,18.0,4619.33989573569,0.0,1
36232.864775259,2310,1.350728229727987,0.1881914359772881,61,2,29.37016016909096,4241.390327581713,2.0,0
38190.77556853342,1080,1.3986862222663945,0.1222711947658825,19,4,35.46643713406767,4002.8201947420102,2.0,1
47049.37511940356,1500,1.412861747174464,0.9593958603229352,43,1,26.153845674185792,5462.190629901661,1.0,1
69705.83970018808,1590,1.6074625179240989,0.6516579027529952,113,5,36.42491639489234,8583.068489496463,4.0,0
37648.22473384888,1800,1.0795777711410337,0.9270864055614036,118,2,38.92222259550522,3130.517441635581,4.0,1
40356.329050959386,2220,1.5478844148497726,0.4849889140732996,18,1,35.301728218303055,4833.642054230178,1.0,1
45746.77681927342,510,1.5948387277430554,0.0330684384327405,16,3,30.19996903011848,5914.580090640898,4.0,0
55707.36259138285,1380,1.2435369031449914,0.5686274587271295,83,1,40.02385606360073,5150.972903428852,3.0,1
6780.999658238223,1410,1.2326029189755865,0.5527455979673513,49,3,43.30328779483291,679.4379103119726,4.0,0
39403.02673136495,510,0.9647097427877396,0.014825849877228,51,4,24.91521107068585,3176.607564794568,4.0,0
36896.9818066442,1740,1.2467848515064484,0.8526296239578133,104,2,54.93118855695524,3818.179706048553,4.0,0
69243.84634146142,450,1.694179550048415,0.6137709738102605,110,4,36.81694241258886,9500.94355663956,3.0,0
37772.73366207107,1230,1.8407676066598608,0.7372442576823847,108,2,38.22619547533817,6265.858244327205,4.0,0
35921.559300033325,930,1.4623358295815585,0.4889818950959395,93,5,46.49857307907868,4004.833199746113,3.0,0
72221.6991573006,540,1.1092444120251586,0.6122184135291804,117,1,40.798593575162016,6685.087180403018,1.0,1
34617.3700746648,2100,1.5687476623916776,0.2548951942962389,86,4,49.43763960695894,4049.8183372489457,0.0,0
14795.00562867364,750,1.6381754504352046,0.9640201900909608,106,3,41.44548998242189,1811.8581745799647,1.0,0
17443.33502622544,750,1.148655334536795,0.3967128074721884,64,5,30.650751504314744,1699.2984035774305,0.0,0
8496.2840677676,2160,1.7418574337874562,0.1607033551242528,6,1,42.33804230247322,1252.8168469753327,1.0,1
1541.757500532417,2220,0.8384349985660081,0.055356264190881,97,1,24.27528551215206,117.49535606055876,0.0,0
33248.00608353542,240,0.7629044611200306,0.6298102137545174,111,5,39.30271646931828,2143.113723080944,0.0,0
58039.32972541927,810,0.8975649271584631,0.9735460526646912,37,5,37.60124011226647,4820.21991200458,2.0,1
55409.783545787934,1830,0.9372100173930116,0.8868365518778188,51,4,35.502597712729525,3858.819366028056,0.0,1
3862.9579535094895,1980,1.8047148395372647,0.6950835218115494,68,2,36.45754986273283,524.9113715812874,0.0,0
43393.74341416142,2490,1.2599780426655371,0.9806919497029322,78,2,18.0,4057.698182733505,2.0,1
12839.809717890486,1470,1.079918030364458,0.7155999794216854,80,3,31.415301107108466,1068.2165094823276,4.0,1
70669.10693020525,180,1.2648901391841831,0.335858612167382,47,4,39.11413881369338,7522.836303828556,4.0,0
13801.327473847175,2220,1.2238090712407588,0.5952059517295714,102,1,39.91827670396881,1456.6906484931176,2.0,0
47557.98250076489,540,1.1117540015856204,0.0789689760607059,97,0,25.667898308888503,3925.541283990743,3.0,0
25478.519619058174,450,0.9154794988943584,0.2194656653203154,113,0,53.18849409037641,2151.801174233068,0.0,0
48654.757458379885,1740,1.5370985543686566,0.4133648335692073,69,2,27.605901821425988,6744.054629984911,0.0,1
31801.006840109523,1590,0.9139252833355864,0.1998003086274148,9,4,49.63348640632084,2303.7546264382363,2.0,0
57333.764344520016,300,1.6805093432072091,0.9439660046798888,101,2,43.126332342460216,7214.401546092932,2.0,0
18454.91571159755,570,0.9920256159365444,0.9856415514772028,9,3,30.245272281874364,1404.7732675537388,3.0,1
68075.70118919812,1560,1.627645568559974,0.3672265609204487,23,2,59.30373071131415,8406.878372301355,4.0,1
38265.40922453138,750,1.7167033268345602,0.7021366962164266,34,1,23.67635801892224,4979.263828695142,1.0,0
57072.84635689468,1770,0.9003912117293409,0.4036930233566081,22,4,49.029850083320014,4301.401027387017,4.0,1
63955.16906799019,1140,0.8540949219456049,0.1381141123423443,86,4,50.00698781651574,4274.326600583001,0.0,0
74913.90290517815,1530,1.889487324784392,0.3335575792250875,52,5,29.952557491080263,11394.135909354873,2.0,1
17960.00642115593,1290,1.3056561681030967,0.2310379817285065,26,4,54.70958360077195,2183.7067819586205,3.0,0
22586.592396913933,1020,1.506282593967586,0.3247974382033455,0,2,34.999441824812564,2960.5632657574483,4.0,0
19906.831874793785,960,0.7779125281461213,0.2128714715137393,25,4,41.46432355135829,1429.5374212652855,3.0,0
20821.042913744022,1800,1.0844522166676078,0.1112216678676639,83,2,41.12386206525465,1720.201487789795,4.0,0
44309.68850314424,1380,1.3564771854712636,0.2152541450687888,95,5,36.38829510235343,4867.076466287186,0.0,0
74523.90545121946,1560,1.8134619760672848,0.8966994615115443,35,3,47.72969927791738,11410.12505033241,1.0,0
74285.43940131745,1530,1.0757273010772517,0.0843694590187634,8,5,47.52186464662656,5982.806928817666,3.0,1
40217.83250512961,660,1.6802295838304635,0.3215090773176821,66,1,18.0,4961.173424135542,3.0,0
48468.49995445352,2310,1.5446555139104423,0.523165395557609,93,0,53.65208291453783,6494.126583413285,1.0,0
64707.83496206804,1470,0.888324921366894,0.3509675296165732,8,0,18.050096143571903,4953.172071873519,3.0,1
70070.60919633263,1860,1.1020502073503955,0.5124310240686983,95,3,50.39055445209989,6297.330649059252,3.0,1
16483.756108721478,2220,1.0354368437263437,0.0429858596320104,20,5,51.520461641931,1418.788958073255,4.0,1
40347.81707727029,2340,1.2810331050879429,0.642083937030734,30,3,24.908402837417626,4219.831017316927,4.0,1
62713.52351762115,1740,1.5124010916571011,0.5578440135404996,74,4,33.07022854454498,7001.056715401024,1.0,0
23785.352632642487,2010,1.270103706610208,0.6741566031961447,6,2,24.731543978168773,2418.020682294581,0.0,1
33825.964622314306,1260,1.043443890902167,0.5615852376689646,36,5,35.420947636535175,2713.340504761928,3.0,1
73943.15096113259,1890,1.5850545218739305,0.4335245466014065,16,5,34.3035885897711,8825.668585232901,0.0,0
73900.93220898401,930,1.4513653136537878,0.3466401268711416,25,1,47.35592638723208,9917.835689902317,1.0,1
68098.85059124084,1830,1.3731766888988304,0.2241708381987784,92,5,53.7237049534353,7978.472224714216,1.0,0
60185.95334486223,360,1.415303516935174,0.4950670495385464,27,0,54.74820572947947,7487.994495641256,4.0,0
21281.091803126223,2310,1.0162807755525882,0.0257919278537319,5,3,31.253983681060376,1722.4323892249763,3.0,1
25082.48044393828,750,1.5665172733109474,0.3249584198183325,25,2,35.489337515065664,3190.375349538301,2.0,0
41725.28882855829,1710,1.215000642646522,0.6710935706288841,10,1,18.0,3957.948374530783,1.0,1
42717.137030307895,180,1.1861613836760236,0.1076298692894956,74,5,28.329559202045736,3814.0212298670135,3.0,0
38654.45722274442,540,0.9296810499201248,0.0622623298963333,116,3,49.57821959716949,2764.0046187795933,0.0,1
48295.2655738485,2460,1.4662048014605356,0.6456568192384516,20,0,57.38699388257878,6322.239711294859,4.0,0
31511.74216352468,2130,1.473197292655808,0.3937969739309267,87,0,23.18781353744093,4033.428662150475,0.0,0
56564.30056269167,690,1.158360772399834,0.7938067861838872,43,0,30.890428890165268,5521.652925483731,1.0,0
26015.91959615912,480,1.781820068238641,0.9279381909316108,8,1,37.68313091649288,3839.87944773231,1.0,0
25804.75927555692,2070,1.7645494784585138,0.9474700491952512,82,0,41.36193390583528,4179.181758561696,0.0,1
10851.10819904936,2490,0.8808651677789175,0.4213369253552374,25,1,28.284757760940245,714.8511789470086,1.0,0
15370.347437125563,570,1.584046065371902,0.2616839520322819,61,4,43.08873253356908,1922.10914028512,3.0,0
64013.28460071979,1710,1.2226017074220268,0.6025276013550532,60,5,32.31392783514901,6287.010392715605,1.0,1
34301.75188566245,840,1.949657821275472,0.621910996668954,71,4,37.82657274946065,5950.810577442071,4.0,1
18248.282311633284,1920,1.0200283556215828,0.6161214867151377,16,2,44.55541097604439,1734.498148512426,3.0,1
57311.57085164548,1140,1.0866290464973871,0.3185608275816923,30,4,38.07706723773126,4866.699239333039,2.0,1
42217.61274753917,450,1.280527553466873,0.06311421905313,88,5,32.763369313681174,4909.775231497304,1.0,0
3054.9668396120715,930,1.0724581784167957,0.2079047904373429,111,0,36.68468235289003,294.6915611637247,1.0,0
24752.567114248566,1440,1.580392039663817,0.1528752337420114,1,5,36.93964448953598,3044.47544530418,4.0,0
14509.603717418568,2040,1.3270897346177768,0.1226613423254771,49,4,33.55986764141447,1565.8607226141976,4.0,0
49706.65528223878,210,1.0150546018194482,0.9170204878608572,105,2,34.89444724799477,4113.431713511957,0.0,1
21714.781486323584,2400,1.3576488833838751,0.0137091695142282,34,2,57.18376604605661,2738.7230075011817,0.0,0
6273.5882719308565,1680,1.816545319638046,0.5958391618439585,53,2,44.731033375294864,876.9553570386672,0.0,1
5537.721706028691,2220,1.7008747762200631,0.9379990577827354,108,0,34.454236183650075,841.2694700465493,4.0,1
44256.95639996554,2340,1.3485947093121853,0.3564525962191866,116,1,46.36345285412882,4775.801617805198,0.0,1
3096.6739942505874,510,1.0961911237703372,0.5218271082807379,78,1,33.99416612292788,298.5528815042115,0.0,0
63886.22031550252,390,0.9658637576430332,0.688825826840408,83,0,52.0774956510397,5043.400366076266,2.0,1
12921.688265409755,1980,1.8040594526242744,0.3139979977116565,73,3,42.43570630637713,1979.1581509901848,0.0,0
46082.62563686409,600,1.6022003285984354,0.4728754678301766,34,2,36.71237427194925,6643.958306996411,1.0,1
34184.57005878981,510,1.43659596377695,0.8089318218294245,106,1,43.37260310972333,4391.199142265977,4.0,1
34049.58681054483,1260,1.805321575144402,0.7379021086274609,4,1,19.14948617517801,5573.021794541522,3.0,0
6777.089963463371,2310,0.8960283448489074,0.8003649173779123,7,5,24.478790373082337,452.5545602859903,2.0,1
60502.290390597846,2040,1.5689871432024818,0.9774667619913794,72,4,23.672899923211336,8275.226516224044,4.0,0
67139.35762936407,1380,1.0100547748958784,0.3666242001868172,100,2,39.71531713716448,5162.9213885567815,4.0,0
2309.725052740792,630,0.8946929292191844,0.7396203503064154,97,4,58.7901799938211,168.72867981197538,1.0,0
14627.406913738154,960,1.3087302120083195,0.596756721430963,81,2,64.7756017543116,1613.8803265867464,0.0,0
67936.9578764677,1770,1.2148715157172243,0.6599387195489843,45,1,45.656613217289085,6717.342282070576,1.0,1
41887.78054080428,540,1.8794083311902223,0.7324751657846051,43,4,44.01013369933348,6591.231930536098,0.0,0
12527.909001243444,1380,1.1387754561021797,0.7422340037768517,51,4,18.0,1330.5465468502005,0.0,0
16405.098266773173,180,1.7278827108624029,0.8768876978018714,30,3,31.487914403191738,2155.370579936454,4.0,0
50008.98895142789,930,1.6485924005620136,0.3458284584836948,50,3,28.546594977101133,7159.677433807102,0.0,0
54774.03643514517,750,1.5515086440702437,0.6469465425507915,12,0,30.54982882098661,6905.10418588125,2.0,0
45557.87043062524,1770,1.854480567552072,0.2774875272808872,38,3,35.98227417698253,6420.403407571317,2.0,0
71556.40592357064,2310,1.2395095132576106,0.5886230180658054,112,3,32.334913067634474,6785.871352880491,2.0,1
37813.67486914061,510,1.2176054231794389,0.7436633887702085,84,2,18.0,4250.554498087235,4.0,0
23569.98554247571,2040,0.9431369082978112,0.783091075300024,17,1,46.97492307341041,2021.2456657676173,1.0,1
36576.61888322104,1710,1.080914490594083,0.4159232579592315,34,5,25.127083691122323,3616.5409396632112,3.0,0
27935.472584495907,2430,1.8057317472730448,0.5036330209693461,31,2,40.8709623693338,4699.561432621668,0.0,1
17994.568111589444,2310,1.3192585594936417,0.3305113526584711,33,1,62.88899203699968,1839.8018011275576,3.0,1
4878.298826500295,390,1.1596239866288525,0.1673459830742342,82,4,26.96738490096292,455.0604565586197,1.0,0
27387.61827703663,1890,1.0093344660986054,0.2579122311406068,107,2,18.0,2397.16092603584,1.0,0
53788.58705666606,1560,1.331952300292338,0.903015634850826,85,3,34.56794933743867,5947.110392621645,4.0,0
2855.178511326745,420,1.6099984445574345,0.3058798469852228,58,3,51.211515619982855,375.56641985366514,2.0,0
33779.6207206362,780,1.0940304305484905,0.965011740210154,19,2,61.50016945064713,2974.566724536543,2.0,1
48834.69100656533,2340,1.659259824975185,0.2390633043632279,17,0,23.245404866571,6904.4332477389125,1.0,1
46364.70202431158,1440,1.5057453296699022,0.7158403766062343,97,1,43.96039067883826,5923.33486400739,4.0,0
58583.66003782062,960,1.695075075047645,0.5681642606361174,81,5,32.41627451863936,7602.938687826413,4.0,0
61073.19910099512,900,1.051091554649895,0.6899013490295506,61,3,36.72861974835037,5313.177927623953,0.0,1
53810.377837575004,2130,1.5072337736796544,0.6375183671430892,69,2,69.73212016420442,6845.471278734448,2.0,1
9055.630666639085,840,0.9344823353866104,0.6996810977616132,101,1,19.96435605925816,717.0897288514252,1.0,0
36414.14963432051,540,1.186556378597564,0.8964915779511043,97,4,41.04487593793488,3350.1095964657047,3.0,0
45850.33787533923,1500,1.6192321138113617,0.5578348011018566,10,5,43.6123180611852,6546.597525580512,2.0,0
19549.103852494693,2490,1.508002062695923,0.0671702950749552,47,4,51.029435899272165,2176.7306195780484,0.0,0
4627.558597038074,600,0.9754328704050264,0.2681171801024306,5,3,39.17579784165075,363.0506531000372,4.0,0
17933.88858438945,750,1.780011206511035,0.7011367906046763,46,2,41.696606474049226,2839.112113808316,1.0,0
34934.73852734896,1260,0.8140211788142182,0.4891338816959166,76,5,33.300217190938504,2406.1406682076663,2.0,0
31923.878450513163,630,1.4642588262199794,0.54306646279349,25,5,41.22952329494129,3672.113346565428,3.0,0
14485.02312754638,1680,1.930584600277928,0.5906146508264886,18,2,33.881692694031074,2439.41578953162,0.0,0
62094.542387236725,750,1.3878056782112984,0.3788029802547242,58,5,45.45886267827261,7297.411715141969,0.0,0
69537.97015214925,450,1.710806183951305,0.7661565698369767,62,4,33.56467596747639,10618.690728095617,2.0,0
16299.101450374568,780,1.464217167826923,0.716299535057583,85,5,42.52520472682624,2100.9648621344777,3.0,0
69823.6092941908,2340,1.689705977907591,0.7071564180711828,1,0,37.64884623578026,10091.594505135316,0.0,1
2812.7804993757904,2340,1.5367129624263445,0.7081570722945952,29,0,51.512603009266016,359.18099625740865,1.0,0
69484.74174396049,1350,1.5793584174450346,0.8814544216377054,93,1,37.38327531693817,8340.00781900432,0.0,1
71466.76607094673,1110,1.023373381303661,0.5894388516488417,81,4,18.0,5745.656874264892,3.0,1
2385.8119316705024,2070,1.6401850962875013,0.9574014775019888,107,0,53.1430580085679,319.76620896086484,4.0,0
57581.91831309098,630,1.0354918639971968,0.1180007575467315,97,0,27.13121238964857,5087.216267635001,4.0,0
72809.8155838835,1710,1.9267683301711056,0.6256393868279257,100,0,30.15480393621416,11729.09808773336,2.0,0
68083.81308310671,1770,1.0233446291534456,0.7097572804764376,61,1,30.85206447147809,5510.943114333375,3.0,0
72847.19684792166,1830,1.0340208043171877,0.4724482068448159,115,5,54.49325711804981,5533.609874170572,0.0,0
41948.77766877649,660,1.780407744580637,0.2853263025923671,49,4,18.0,6218.209842337024,0.0,0
7244.476281576039,1830,1.041583034355383,0.5445370781839881,108,4,75.0,596.4581582794702,4.0,0
63959.50603867016,1590,1.1830833521895396,0.3611002034877956,47,1,50.672681708792624,6660.839080170946,4.0,1
46616.37680196235,2220,1.6075681934148325,0.9000328303571383,53,3,40.67886696954992,5531.417192549419,1.0,0
46683.15069783924,570,0.9404982962337158,0.3532244884079223,82,4,37.34127199260456,3733.273327773513,4.0,1
32168.14032461344,1590,0.9408861057930028,0.1739499227751078,47,3,41.42664889829188,2789.451120504197,1.0,1
43530.38527430152,2100,1.3336301079199426,0.5706252487637983,17,5,44.253469140552056,4459.752842154744,0.0,0
12788.113762829418,810,1.0424361050792723,0.3920326654665657,107,3,45.74258703140068,1103.3405972971584,1.0,0
55873.096952612046,1920,1.0327895466828405,0.0949391633528326,54,1,44.66725359204138,4337.221430607821,1.0,0
7013.7720903383615,390,0.7610867057022153,0.5591939274879293,111,3,39.074968175062985,458.2587484647646,2.0,0
55138.88637771872,1860,1.1945395094375375,0.5324679470540444,47,5,35.631938956312084,5555.364157664255,4.0,1
63899.91406292677,1590,1.1319006655420838,0.1714651157668631,116,4,36.18472059615786,5893.360952518816,1.0,0
36226.44780098988,630,0.7873869729920044,0.5916617872702444,72,2,35.66110063576783,2389.2146858827277,0.0,0
38972.53190519313,330,1.495479813856396,0.5616853841189141,92,3,51.60524116240477,5319.154549409433,3.0,0
24447.749059772752,1920,1.501986218404025,0.7658764968111751,90,5,45.122680667370346,2836.972609062288,1.0,0
72755.20590383069,720,0.8349605661283906,0.357954230544208,24,4,18.0,4482.24823643509,4.0,0
55384.64888012658,1320,1.1304498754913437,0.2462719284270029,97,3,45.87080931835713,5670.337773406653,2.0,0
28620.65866757536,300,1.7973666383944773,0.9417076881010678,113,1,40.3368343366253,4366.15894504951,0.0,0
14348.342888125871,2430,1.448600481893494,0.5556053475549603,79,5,37.77549492264923,1894.481550086913,2.0,0
17639.100026853714,1440,1.2443696688143857,0.0268685592953385,113,5,33.33777856293337,1871.688190229589,3.0,0
35598.288029088675,2340,1.3081223141569152,0.8125045672706258,101,0,51.48935263983216,4169.441144785082,1.0,0
70778.77742310383,540,0.999935993322966,0.1947904803097513,79,0,49.37031754547429,5798.307630525095,1.0,1
55459.75641342748,660,1.7242578008495135,0.778175954469385,57,0,28.72546798611669,8446.776503784331,4.0,0
17320.415491167514,1590,1.846805646541161,0.6981108028844051,102,2,42.88462744549442,2929.86288625112,1.0,0
64677.743306289005,1590,1.8427968507000525,0.9591255870205256,22,0,26.34011918550457,10104.252224805969,0.0,1
29297.73844121156,2010,1.0187212700307595,0.9559235085785808,67,5,21.444582022532835,2296.6385842209133,3.0,1
64101.58043231012,2340,1.1228883213317482,0.2716665184092023,97,5,30.479393304920418,5665.409062713257,2.0,1
19264.920451613125,2100,0.9427473297714442,0.7587850854111843,113,1,48.34872166859311,1404.031969688932,3.0,1
46971.55497731934,480,1.1186413603587757,0.3136865349221246,32,4,49.43750054451304,4112.669151826394,1.0,0
69610.28087397422,900,1.1493664465471205,0.6229059594412983,11,0,44.15702504116752,6357.544922577817,2.0,1
20455.20967236287,2310,1.5097268844775624,0.5917686241050472,40,4,46.70114944217597,2607.5342535944637,4.0,1
52430.10440806034,1440,0.9775756578577496,0.053998080464953,103,2,44.1941394453795,4361.398636589069,3.0,0
74067.47756685007,2190,1.8532763092412925,0.0051299323370039,62,0,30.30222085732457,11237.174533936388,2.0,1
12568.974112360758,1470,0.8737193641023719,0.0571863744488614,6,2,43.183070536087286,940.4967960580104,2.0,0
7997.568366499569,270,0.7582536132411997,0.1266626270564237,14,4,47.60491430273218,454.6006171296023,2.0,0
51053.34664469399,1260,1.7759341543566398,0.2550759664342959,40,5,47.051495957762896,6808.131939194965,0.0,0
26470.592159553733,2100,1.5945237693192595,0.8978856710101367,41,0,52.26696045769572,3240.3039990109537,3.0,0
6736.469086444447,1710,1.1764318444271982,0.5134463485932195,16,5,46.49964616641277,663.281678289573,2.0,1
36434.962914444906,480,1.4645996470921416,0.7889228214523808,59,1,42.217378490498994,4141.646207532638,3.0,0
56902.14495383074,660,1.01825292100708,0.829928634586136,57,2,50.84180285979713,4577.264548895524,2.0,0
22456.49643051637,2160,0.9520675783744512,0.7275936676046357,23,0,37.68174488901128,1739.0487463174554,4.0,1
26125.9454966274,2460,1.315378962166467,0.3874712731763662,27,5,27.417504185267383,3078.1420807388004,4.0,0
63658.90594755245,1920,1.173825395665153,0.8552207999025729,79,4,36.04319643267483,5500.509107503538,4.0,1
39725.28555121937,390,1.4882760606423506,0.7346292557877114,114,3,29.06116826232261,5103.481354957577,1.0,0
